WMoos_F5_Ms1,WMoos_F5_Ms2,WMoos_F5_Ms3,WMoos_F5_Ms4,WMoos_F5_Ms5,WMoos_F5_Ms6,WMoos_F5_Ms7,WMoos_F5_Ms8,activity
15.79983521,20.89505005,3.482696533,1.20135498,0.560546875,1.183776855,2.088653564,10.38879395,waveOut
17.73602295,17.79293823,3.647521973,1.320617676,1.03326416,0.687255859,1.408050537,5.827819824,waveOut
20.69598389,20.64031982,7.135101318,2.431152344,1.533081055,2.460205078,4.14743042,12.09289551,waveOut
16.51983643,23.63705444,4.13571167,1.456970215,0.866333008,3.391845703,2.986602783,7.303253174,waveOut
21.8470459,21.61032104,4.969665527,1.65322876,1.067352295,2.61706543,3.894714355,13.1295166,waveOut
21.25296021,18.86602783,4.890869141,1.54006958,0.609100342,0.662414551,2.09085083,9.989593506,waveOut
25.49020386,23.02468872,5.56463623,1.845214844,0.82043457,1.21697998,3.00769043,7.863311768,waveOut
18.20471191,17.97634888,5.218811035,1.825897217,0.774780273,0.960235596,2.31729126,7.630706787,waveOut
17.53649902,19.65063477,6.620147705,2.29776001,1.009307861,2.480895996,3.288482666,11.68902588,waveOut
21.14453125,15.81362915,3.168426514,1.094055176,0.457427979,0.529144287,1.428314209,4.69418335,waveOut
20.4354248,26.33978271,7.430267334,2.308319092,1.737976074,2.968719482,4.098083496,16.70626831,waveOut
25.02340698,22.22485352,5.63885498,1.812133789,0.786407471,1.195587158,2.073699951,11.48358154,waveOut
22.30065918,23.76123047,4.569946289,1.546966553,0.69833374,1.525756836,2.842773438,7.674591064,waveOut
20.2406311,21.49432373,4.335510254,1.425842285,0.654296875,2.418151855,1.607055664,6.928649902,waveOut
16.79632568,22.59140015,3.984008789,1.201843262,0.54888916,1.005187988,2.027862549,9.8515625,waveOut
18.23654175,17.10064697,3.654022217,1.199645996,0.609039307,0.985961914,1.484130859,4.716156006,waveOut
12.0300293,12.30276489,3.678588867,1.90737915,0.836578369,1.300964355,2.773132324,6.876831055,waveOut
22.46157837,19.93951416,4.657897949,1.628448486,2.012390137,2.480377197,3.811218262,11.43637085,waveOut
12.28683472,11.52398682,2.330169678,1.223602295,0.534515381,0.48916626,2.887786865,5.176940918,waveOut
19.26370239,16.97195435,4.053466797,1.389831543,0.785766602,2.155609131,3.290313721,8.381713867,waveOut
17.44631958,22.35946655,4.910522461,1.454650879,0.641937256,1.486907959,3.025177002,9.671203613,waveOut
19.6887207,19.27520752,3.010620117,1.00201416,0.598480225,0.76071167,2.21685791,9.212463379,waveOut
17.65570068,19.29147339,3.98815918,1.181945801,0.513153076,0.792694092,1.93081665,7.297698975,waveOut
20.49487305,18.3069458,5.494262695,1.835540771,0.758392334,1.467834473,3.317443848,11.7694397,waveOut
18.30441284,18.60174561,6.842803955,2.609191895,1.347137451,1.422546387,3.193969727,9.875762939,waveOut
18.85992432,21.12805176,5.895172119,1.572509766,0.705718994,0.987701416,2.260498047,11.00726318,waveOut
22.09353638,19.94238281,4.417755127,1.315460205,0.701843262,2.005310059,2.687072754,10.20617676,waveOut
18.79458618,24.47857666,5.707885742,2.094970703,0.979858398,1.723876953,5.506896973,13.79211426,waveOut
20.66305542,25.80810547,4.851013184,1.464294434,0.798248291,1.947753906,3.275360107,15.14068604,waveOut
13.22387695,8.079986572,2.445922852,0.916381836,0.402191162,0.410736084,1.514953613,4.027526855,waveOut
17.18148804,17.34692383,3.706542969,1.014373779,0.537872314,0.951690674,0.938537598,4.667938232,waveOut
20.04733276,16.34899902,5.11630249,1.712463379,0.950164795,1.211608887,3.68838501,15.61877441,waveOut
19.15390015,14.23623657,2.927734375,0.998718262,0.519317627,0.48526001,1.298034668,7.857452393,waveOut
15.80776978,15.68795776,2.636474609,0.997070313,0.464447021,1.02142334,2.066711426,8.519805908,waveOut
20.2024231,22.05767822,5.323455811,2.118499756,1.319854736,1.785217285,4.468902588,16.15441895,waveOut
12.64654541,9.001342773,2.032775879,1.334472656,0.785430908,0.532318115,1.670928955,5.193237305,waveOut
17.02920532,21.30761719,4.334991455,1.559692383,0.760406494,1.169586182,2.285095215,8.448730469,waveOut
20.42935181,19.3001709,6.126525879,2.169219971,1.010803223,1.05645752,3.314758301,11.86416626,waveOut
18.09146118,21.56463623,4.549041748,2.097137451,5.968811035,4.592315674,2.908874512,8.980804443,waveOut
21.34295654,21.6854248,5.69744873,1.618560791,0.647399902,0.870330811,2.005859375,9.106048584,waveOut
25.17703247,21.68774414,4.547790527,1.783752441,1.316986084,1.131896973,2.536132813,12.29806519,waveOut
16.79934692,18.49240112,3.347015381,0.855560303,0.311767578,0.475799561,1.403686523,5.427337646,waveOut
18.82650757,24.47515869,5.897155762,1.777435303,0.872039795,1.674804688,5.62197876,18.25674438,waveOut
22.83023071,20.01037598,5.003570557,1.792510986,0.763183594,1.063568115,2.926696777,12.25189209,waveOut
23.3286438,17.72537231,3.192657471,1.138275146,0.639556885,0.532501221,1.727508545,6.478271484,waveOut
20.47109985,22.15106201,5.671081543,2.014312744,0.85043335,1.027404785,3.202850342,11.34710693,waveOut
12.65023804,10.14361572,2.475769043,1.617248535,1.114654541,1.411132813,1.759063721,3.91595459,waveOut
11.5473938,8.494293213,2.147033691,1.09866333,0.612731934,0.58215332,1.697967529,7.504974365,waveOut
14.74224854,9.377960205,3.28503418,3.299133301,1.617645264,0.558258057,1.494171143,5.126037598,waveOut
20.79266357,20.01550293,6.157531738,1.796630859,1.032348633,1.502960205,4.058013916,14.88250732,waveOut
3.09362793,1.254058838,0.363677979,4.635040283,9.88104248,6.340545654,0.681396484,2.36730957,waveIn
2.217041016,0.696136475,0.390869141,5.559753418,8.146148682,3.297607422,0.734924316,1.6043396,waveIn
3.038574219,1.195648193,0.315673828,3.371643066,6.574188232,2.696258545,0.440185547,2.634674072,waveIn
1.328948975,3.213623047,0.388397217,2.799499512,7.626831055,5.259002686,0.61239624,0.695770264,waveIn
0.656616211,0.433044434,0.172790527,3.02835083,8.598205566,2.395294189,0.357177734,1.194213867,waveIn
2.80682373,1.256439209,0.302886963,3.260192871,8.300628662,6.275604248,1.13760376,2.401794434,waveIn
1.05847168,1.0184021,0.801086426,4.777252197,14.92288208,3.730438232,0.478546143,2.133514404,waveIn
3.180084229,1.79208374,0.53817749,5.054046631,9.548156738,5.677764893,0.424438477,3.642242432,waveIn
2.686859131,0.549377441,0.23614502,2.247344971,9.678985596,9.520965576,1.35647583,1.242858887,waveIn
1.453460693,0.550994873,0.186584473,3.02456665,2.137359619,4.10458374,0.30255127,1.697814941,waveIn
2.298736572,1.169006348,0.291931152,5.239501953,6.618865967,5.004211426,1.112304688,0.921813965,waveIn
5.250793457,1.767303467,0.667602539,6.778564453,6.252685547,3.557098389,0.784545898,3.195953369,waveIn
2.701446533,0.881378174,0.380645752,5.663635254,7.690093994,5.326690674,0.670959473,1.631256104,waveIn
3.165740967,0.776062012,0.284820557,5.233856201,8.379241943,4.47479248,0.91104126,1.205413818,waveIn
1.470916748,0.529083252,0.30645752,5.420227051,4.569793701,1.991424561,0.629058838,0.370361328,waveIn
4.371551514,1.012298584,0.694549561,9.548217773,20.89532471,14.1937561,4.775878906,1.762329102,waveIn
1.941070557,0.539978027,0.330535889,4.615753174,12.18328857,9.100585938,1.417358398,1.336395264,waveIn
4.862976074,1.447967529,0.359161377,4.371520996,9.748962402,3.78427124,1.124755859,2.014648438,waveIn
2.118743896,0.820556641,0.290771484,6.899841309,7.006988525,3.905578613,0.342803955,0.663269043,waveIn
3.050140381,1.152740479,0.409332275,6.223327637,12.37414551,4.41003418,0.811096191,1.22467041,waveIn
2.502349854,0.505310059,0.288391113,5.230560303,12.89666748,6.132354736,0.605407715,1.537231445,waveIn
3.029174805,2.304748535,0.463226318,3.473754883,5.807952881,4.665985107,0.576660156,2.388092041,waveIn
1.369750977,1.652648926,0.224395752,1.296295166,4.012969971,3.104492188,0.172576904,1.515472412,waveIn
0.961883545,0.67489624,0.231109619,3.585327148,7.221008301,5.249359131,1.105529785,2.125030518,waveIn
3.276428223,4.318969727,0.291992188,2.17578125,10.34979248,3.711120605,0.559783936,1.03326416,waveIn
3.095733643,1.191833496,0.214385986,4.533599854,9.162139893,2.404022217,0.613922119,3.186706543,waveIn
2.072998047,0.848571777,0.508178711,6.123382568,11.06274414,6.143676758,3.261993408,1.954986572,waveIn
4.737426758,1.877075195,0.514221191,6.140777588,11.03341675,5.432495117,0.516174316,2.309509277,waveIn
1.468048096,0.408691406,0.241943359,2.874664307,9.817565918,5.008453369,0.799163818,1.931213379,waveIn
4.025268555,1.432556152,0.315063477,2.600463867,6.345916748,3.932678223,0.566864014,1.136322021,waveIn
0.781158447,0.263549805,0.177093506,3.751281738,7.395263672,5.1171875,0.828063965,0.564849854,waveIn
1.465118408,0.529052734,0.27520752,4.150512695,11.47732544,4.720214844,1.034210205,1.563354492,waveIn
3.559417725,1.752166748,0.350463867,2.112915039,5.774200439,2.478393555,0.394195557,0.619171143,waveIn
1.083007813,0.914306641,0.303955078,3.924591064,9.774536133,4.621032715,0.381500244,1.572601318,waveIn
1.429656982,1.142089844,0.435699463,5.483093262,13.07180786,5.703491211,0.447479248,2.057800293,waveIn
5.150909424,2.782012939,0.511413574,3.188171387,8.160797119,3.900390625,0.681488037,3.472229004,waveIn
4.724395752,1.041809082,0.425384521,3.89163208,5.713623047,3.545501709,1.307800293,0.689941406,waveIn
3.184387207,1.74130249,0.491882324,5.21875,8.639007568,3.822021484,0.924591064,0.969299316,waveIn
3.533172607,1.445678711,0.50012207,2.685638428,7.356842041,7.224151611,1.705627441,2.643035889,waveIn
1.146606445,0.618591309,0.308532715,3.029327393,5.714019775,4.520294189,0.566375732,1.496887207,waveIn
1.728088379,1.659881592,0.260284424,2.456787109,7.618927002,2.714202881,0.254577637,1.484619141,waveIn
1.37713623,0.526794434,0.293792725,4.650024414,8.821807861,3.972717285,0.88168335,1.645599365,waveIn
1.946228027,3.160827637,0.638214111,1.533843994,10.77783203,4.589904785,1.120574951,3.149963379,waveIn
1.839538574,1.342681885,0.362640381,2.024597168,6.951080322,4.276092529,0.409210205,1.966461182,waveIn
3.00100708,0.683624268,0.255493164,3.969390869,7.378479004,3.050048828,0.292175293,0.855560303,waveIn
1.08114624,0.51675415,0.234680176,2.477325439,11.69317627,3.748352051,0.45022583,3.282531738,waveIn
1.164611816,0.641113281,0.226959229,3.063140869,10.5894165,4.28125,0.817016602,0.691223145,waveIn
1.857666016,0.559387207,0.205169678,2.160888672,4.325714111,3.930328369,0.3644104,1.277862549,waveIn
3.389251709,2.190704346,0.913787842,2.424621582,11.97668457,2.341888428,0.415802002,3.920684814,waveIn
2.550231934,0.852020264,0.216003418,3.876373291,6.993347168,5.762817383,0.849334717,2.011138916,waveIn
2.634887695,4.317687988,0.161590576,0.345611572,0.777313232,4.191802979,9.63885498,3.719696045,fist
1.940460205,6.639892578,0.296447754,0.521850586,1.390441895,4.969329834,15.48901367,7.636230469,fist
1.897613525,6.018218994,0.18270874,0.294006348,0.802337646,4.459014893,14.97610474,6.752807617,fist
1.401275635,5.683074951,0.129882813,0.30871582,0.431152344,1.230163574,9.027832031,5.724578857,fist
1.515838623,2.068603516,0.116607666,0.208190918,0.539916992,2.392425537,11.61218262,6.052215576,fist
2.742767334,11.20291138,0.437194824,0.830200195,2.418823242,8.122680664,21.53997803,12.35876465,fist
3.852600098,6.510101318,0.28414917,0.548370361,1.421234131,7.247680664,17.91760254,11.77056885,fist
6.662017822,8.739044189,0.48147583,0.68737793,1.714141846,4.89453125,16.02633667,10.24685669,fist
4.114196777,6.913269043,0.32635498,0.526580811,1.809997559,3.879364014,10.98458862,6.881408691,fist
3.433135986,7.442596436,0.445861816,0.602264404,2.306915283,5.179260254,16.85723877,11.63949585,fist
1.694000244,3.272888184,0.138061523,0.370422363,0.554260254,1.759399414,9.563781738,4.627319336,fist
4.083770752,3.550506592,0.219696045,0.413482666,0.480133057,2.414276123,13.49771118,5.6328125,fist
2.186218262,5.611846924,0.190063477,0.35635376,1.330444336,4.318908691,8.833496094,5.268218994,fist
3.414886475,7.623199463,0.293945313,0.545684814,1.356140137,5.374267578,16.4954834,10.21942139,fist
3.28237915,4.997528076,0.206573486,0.384613037,1.159057617,6.143157959,17.45147705,7.661132813,fist
2.573303223,4.167358398,0.23727417,0.403015137,0.793304443,5.198028564,19.54263306,8.363830566,fist
5.304016113,3.840789795,0.22177124,0.522583008,1.384490967,4.284759521,15.82528687,9.911193848,fist
3.264801025,5.988525391,0.362030029,0.241638184,0.48916626,2.082336426,8.571807861,6.796081543,fist
4.010375977,3.466125488,0.212310791,0.607330322,0.822387695,2.946807861,15.59811401,6.552429199,fist
7.181304932,7.777191162,0.346130371,0.479400635,1.857757568,3.989349365,10.32116699,4.839172363,fist
2.980865479,4.040466309,0.336517334,0.308319092,0.566619873,1.594543457,11.96389771,5.229553223,fist
2.683624268,7.117553711,0.174865723,0.519500732,0.872070313,3.653442383,13.44235229,6.24395752,fist
3.695251465,6.931335449,0.273132324,0.535461426,1.210784912,4.898132324,16.23379517,8.120697021,fist
3.517486572,4.375457764,0.232818604,0.307830811,0.661682129,2.052154541,11.22229004,6.673095703,fist
4.015075684,5.321929932,0.165252686,0.438079834,0.926086426,5.641906738,16.36224365,8.758605957,fist
3.224761963,5.962646484,0.218658447,0.304534912,0.866790771,4.452392578,13.7744751,8.383056641,fist
3.96081543,9.298339844,0.287597656,0.511871338,1.195678711,5.984832764,14.85571289,7.845397949,fist
3.094604492,8.009063721,0.347076416,0.572418213,0.782745361,4.634033203,10.23345947,5.269927979,fist
2.261779785,5.042358398,0.170928955,0.470825195,0.77243042,2.79876709,9.788604736,3.669128418,fist
5.64050293,6.33380127,0.227325439,0.530700684,1.635284424,7.797821045,18.20730591,10.53045654,fist
2.781188965,3.770294189,0.152648926,0.284606934,0.393280029,2.197875977,11.78198242,3.771697998,fist
2.180938721,3.052886963,0.151733398,0.459991455,0.556243896,2.534820557,11.74200439,4.866668701,fist
2.218719482,4.812103271,0.197174072,0.498321533,1.240325928,4.435119629,12.01034546,9.048156738,fist
2.192199707,5.199066162,0.315887451,0.495788574,1.286315918,2.036956787,4.818817139,5.661560059,fist
2.934844971,12.13769531,0.357086182,0.539276123,3.103118896,10.41812134,22.16137695,10.15103149,fist
4.997833252,9.032928467,0.283477783,0.778198242,1.274719238,4.290496826,13.29959106,8.641815186,fist
2.159881592,5.937561035,0.303833008,0.786193848,1.617218018,3.926239014,7.782165527,6.337585449,fist
3.029571533,4.859283447,0.178619385,0.501861572,2.608215332,5.83303833,9.17175293,5.446838379,fist
3.438323975,8.285064697,0.334716797,0.572662354,2.188781738,4.8565979,14.57550049,8.595947266,fist
2.307678223,7.063873291,0.204986572,0.32824707,0.699493408,3.492340088,11.09909058,10.79718018,fist
7.158081055,5.601013184,0.428375244,0.75390625,2.035644531,10.23956299,19.32626343,7.616638184,fist
3.622894287,9.785247803,0.351623535,0.946533203,2.774780273,6.577728271,22.32516479,10.08563232,fist
3.422271729,10.64395142,0.443511963,0.436767578,1.850311279,5.219818115,13.76751709,6.94934082,fist
1.963439941,3.282012939,0.121459961,0.293060303,0.512268066,2.502197266,9.254241943,3.287384033,fist
2.122436523,1.784637451,0.165161133,0.378723145,0.622955322,2.077819824,10.97976685,5.235015869,fist
4.240936279,10.44302368,0.355682373,0.723571777,1.136627197,4.297668457,16.87564087,10.42260742,fist
4.066589355,7.522583008,0.220428467,0.522949219,0.676879883,2.187957764,9.513122559,8.418273926,fist
3.562652588,3.353088379,0.210113525,0.956176758,0.811157227,4.506072998,11.05758667,5.95526123,fist
4.105316162,6.773040771,0.426391602,0.486450195,1.121276855,5.441192627,14.44772339,8.062835693,fist
2.03125,4.192840576,0.282745361,0.505310059,1.421539307,3.714050293,11.81735229,8.306945801,fist
17.45840454,2.790618896,0.757110596,0.977020264,1.379241943,8.598083496,1.413726807,4.237548828,open
10.7911377,2.918121338,0.634490967,0.746307373,0.820739746,4.219940186,0.954925537,2.957183838,open
8.488952637,6.607330322,0.616271973,0.795074463,0.706695557,3.979248047,1.481658936,3.425048828,open
12.6541748,3.189819336,0.600830078,0.658843994,1.778656006,6.970611572,1.210327148,3.520935059,open
8.541412354,1.51651001,0.355621338,0.334686279,0.352355957,5.031066895,0.683013916,3.011810303,open
12.65823364,2.127380371,0.518829346,0.739654541,0.603515625,2.809387207,1.046325684,1.557373047,open
14.83837891,3.303009033,0.934814453,0.449707031,0.482940674,6.71005249,1.353210449,3.214385986,open
9.674560547,2.23651123,0.409057617,0.877410889,3.118103027,4.007751465,0.4503479,2.148254395,open
8.72668457,2.597167969,0.465515137,0.557952881,0.791564941,3.759002686,0.573425293,2.570739746,open
12.75778198,3.641937256,0.963317871,1.224273682,1.887268066,5.45413208,1.094055176,3.513977051,open
16.73019409,4.748657227,0.918334961,0.797180176,0.857666016,6.601226807,1.49407959,2.964477539,open
16.22183228,4.651306152,0.715179443,1.245147705,3.089813232,6.432830811,0.990814209,4.193267822,open
12.49423218,3.754089355,0.642211914,0.437744141,0.996002197,6.287994385,1.683197021,2.039855957,open
13.7003479,3.768157959,0.842254639,1.585693359,4.204833984,5.442199707,0.823394775,4.612976074,open
16.13052368,4.291809082,1,0.853424072,2.249572754,5.65447998,1.199493408,4.630615234,open
13.02786255,4.684997559,0.919128418,1.123596191,1.719207764,5.828826904,1.40914917,2.928863525,open
10.79788208,2.049285889,0.389556885,0.881774902,0.988342285,7.273956299,0.667694092,2.335113525,open
10.62841797,1.91696167,0.375671387,0.568481445,0.638153076,4.873168945,0.794677734,1.779663086,open
10.48596191,3.833496094,0.811889648,1.865020752,5.102294922,2.391784668,1.089660645,5.891906738,open
12.38491821,3.702850342,0.63571167,0.573486328,0.567352295,5.951721191,1.015655518,4.162628174,open
11.34634399,2.579925537,0.518951416,0.625701904,1.763427734,2.778289795,0.459320068,3.765441895,open
11.86715698,2.110443115,0.494506836,1.191894531,1.517272949,3.319854736,0.338531494,2.056274414,open
9.750091553,1.501922607,0.370758057,0.801055908,0.747924805,4.779998779,0.472625732,3.357971191,open
11.56283569,3.002838135,0.536437988,0.855133057,1.084106445,2.937469482,0.782470703,3.158538818,open
9.37588501,3.104125977,0.705535889,1.593353271,3.307342529,5.276794434,1.068450928,4.07611084,open
11.80810547,3.461547852,0.786499023,0.907073975,1.022155762,3.972808838,1.067169189,2.629241943,open
13.95980835,3.742492676,0.807434082,1.07699585,1.768127441,5.636383057,0.990112305,3.112518311,open
13.98678589,2.599487305,0.527038574,0.672729492,1.923583984,5.110748291,0.867004395,5.339202881,open
10.68411255,3.525756836,0.643432617,0.74987793,2.045135498,4.160461426,0.998687744,2.55581665,open
8.566009521,2.45324707,0.442871094,0.321014404,0.203491211,3.174591064,0.65322876,2.667175293,open
14.13208008,3.264892578,0.898742676,0.752563477,1.878509521,5.720489502,1.463378906,3.855987549,open
8.430480957,3.295715332,0.58013916,0.739379883,0.755218506,4.934082031,1.045074463,2.790405273,open
13.91693115,4.573944092,0.982086182,1.10269165,1.680938721,5.158294678,1.076934814,3.628112793,open
15.48751831,2.711547852,0.474700928,0.431854248,0.425964355,3.919769287,0.923858643,2.635101318,open
11.86871338,3.280639648,0.696807861,0.60168457,0.53237915,4.698364258,1.096832275,5.430908203,open
12.86807251,2.886413574,0.820281982,0.852264404,2.184356689,4.314117432,1.007629395,3.214080811,open
14.75756836,4.861907959,0.86907959,1.432891846,2.044281006,6.918548584,1.222900391,3.521972656,open
10.20581055,3.810791016,0.832366943,0.787231445,0.84664917,5.421234131,2.214080811,4.145843506,open
13.91226196,3.187713623,0.854858398,1.119384766,1.047729492,4.52142334,1.135314941,2.664794922,open
12.2394104,4.025787354,0.625213623,1.099731445,1.875366211,5.032012939,1.260528564,2.799316406,open
10.34988403,4.08996582,0.758300781,0.548248291,0.512268066,3.978363037,0.772460938,2.753936768,open
13.82736206,3.841766357,0.611083984,0.901794434,0.755493164,3.55279541,0.696289063,3.06149292,open
12.2746582,4.155822754,0.838623047,1.250823975,2.384613037,5.788543701,1.526794434,3.097473145,open
13.06573486,7.224121094,1.009429932,1.158538818,2.275024414,3.228759766,1.925354004,3.772003174,open
9.990234375,2.589080811,0.462249756,0.716156006,0.651092529,3.383209229,0.571166992,2.27947998,open
10.07400513,1.931732178,0.511016846,0.597473145,0.735626221,2.995880127,0.508300781,2.814239502,open
13.17105103,4.171569824,0.758239746,0.749053955,1.083404541,3.579772949,0.813873291,2.441314697,open
7.597473145,1.432006836,0.341918945,0.476470947,0.483856201,3.055114746,0.609558105,1.55770874,open
8.410369873,1.565643311,0.560211182,0.488250732,0.529663086,5.313476563,0.903930664,2.090667725,open
9.726104736,1.088409424,0.238739014,0.317810059,0.242553711,3.959381104,0.740692139,2.108795166,open
4.434906006,1.822875977,0.14440918,0.241516113,0.435180664,2.039642334,0.20513916,0.54006958,pinch
8.01739502,2.90133667,0.273071289,0.708862305,0.774658203,2.044311523,0.40625,0.888092041,pinch
4.425628662,2.07723999,0.145874023,0.337585449,0.559631348,2.068786621,0.28112793,0.433135986,pinch
5.425933838,3.481140137,0.175476074,0.342285156,0.382293701,1.087188721,0.299438477,0.481079102,pinch
4.2109375,0.982330322,0.154754639,0.638885498,0.606079102,1.23538208,0.147735596,0.304718018,pinch
6.45526123,2.791046143,0.260314941,0.542694092,0.738189697,2.723907471,0.206512451,0.647918701,pinch
4.63583374,2.299468994,0.20211792,0.537475586,0.434265137,1.31036377,0.390197754,0.669036865,pinch
5.010620117,1.169769287,0.149414063,0.407806396,0.97543335,2.676879883,0.259429932,0.41897583,pinch
8.393737793,2.046630859,0.33770752,0.646697998,1.381561279,2.171386719,0.307769775,0.927978516,pinch
6.243103027,3.455963135,0.23248291,0.516265869,0.550140381,1.884063721,0.393615723,0.55255127,pinch
6.783599854,2.775482178,0.294281006,0.532318115,0.653076172,3.087738037,0.245178223,0.660583496,pinch
5.289398193,3.977844238,0.224609375,0.571807861,0.494720459,1.004852295,0.318206787,0.879425049,pinch
4.744262695,3.264526367,0.301727295,0.482788086,0.722045898,2.104980469,0.377807617,0.479705811,pinch
4.120666504,0.830627441,0.138824463,0.335754395,0.448059082,1.178955078,0.500030518,0.402526855,pinch
6.012176514,3.019226074,0.252532959,0.659301758,0.46887207,1.388580322,0.308746338,1.079925537,pinch
5.554290771,0.703094482,0.130767822,0.361297607,0.518188477,2.185882568,0.255279541,0.344146729,pinch
4.267486572,3.161407471,0.184387207,0.821502686,0.926727295,2.287017822,0.279602051,1.239715576,pinch
4.735839844,1.313720703,0.167053223,0.317626953,0.51083374,2.149078369,0.126220703,0.300170898,pinch
2.430541992,0.365570068,0.094573975,0.136962891,0.143127441,0.645080566,0.083190918,0.242462158,pinch
5.638946533,2.843811035,0.182098389,0.458129883,0.659515381,3.822540283,0.300964355,0.404876709,pinch
5.568359375,2.008483887,0.183044434,0.226257324,0.754119873,1.895996094,0.364440918,0.955596924,pinch
4.101928711,1.453155518,0.179321289,0.33416748,0.370483398,1.825378418,0.417480469,0.471710205,pinch
4.136566162,1.151824951,0.150909424,0.307250977,0.308837891,1.329772949,0.197601318,0.435577393,pinch
1.918609619,0.747344971,0.157958984,0.697753906,0.756622314,0.884735107,0.144805908,0.434661865,pinch
4.509735107,2.393737793,0.168457031,0.575317383,0.794250488,1.501922607,0.564605713,0.560119629,pinch
4.444061279,0.782531738,0.13381958,0.29083252,0.34866333,0.977722168,0.174468994,0.292419434,pinch
7.365020752,2.262695313,0.164581299,0.265930176,0.578063965,1.784515381,0.212493896,0.421569824,pinch
4.581604004,1.192993164,0.1434021,0.708343506,0.887176514,1.770782471,0.267547607,0.574768066,pinch
5.953979492,1.745697021,0.422454834,0.697357178,0.71975708,2.155853271,1.585845947,0.810913086,pinch
4.556304932,1.469299316,0.11807251,0.517333984,0.498443604,1.177581787,0.213653564,0.316680908,pinch
7.836669922,2.855926514,0.171295166,0.622711182,0.601135254,2.129669189,0.251251221,0.513427734,pinch
4.264343262,1.196990967,0.132598877,0.280273438,0.328521729,1.061737061,0.125427246,0.318847656,pinch
5.739837646,2.013031006,0.155456543,0.348907471,0.949035645,2.878448486,0.234893799,0.590820313,pinch
5.920623779,2.304656982,0.214904785,0.680053711,0.712799072,1.798950195,0.220581055,1.372375488,pinch
5.156707764,1.123199463,0.132568359,0.16897583,0.419250488,2.191558838,0.192016602,0.289123535,pinch
6.340240479,2.616210938,0.220397949,0.7265625,0.887573242,2.627868652,0.313232422,0.655578613,pinch
4.48840332,2.050598145,0.162109375,0.285064697,0.394805908,2.364257813,0.254364014,0.515045166,pinch
5.960968018,3.683654785,0.191772461,0.465301514,0.487670898,2.296203613,0.287963867,0.4503479,pinch
5.525085449,1.552337646,0.189605713,0.393829346,0.46081543,2.390136719,0.198516846,0.507049561,pinch
4.894348145,1.400848389,0.147949219,0.312011719,0.527404785,1.770965576,0.46963501,0.449249268,pinch
5.510162354,1.603485107,0.248168945,0.406097412,0.368743896,1.981750488,0.529541016,0.66506958,pinch
6.651275635,2.84375,0.176208496,0.485168457,0.908508301,3.600128174,0.288391113,0.384490967,pinch
6.769439697,2.367431641,0.169494629,0.282348633,0.679138184,1.331512451,0.202636719,0.331878662,pinch
6.20513916,3.283447266,0.368713379,0.680786133,0.680236816,2.431549072,0.767974854,1.185852051,pinch
3.88961792,1.841522217,0.142486572,0.450439453,0.589202881,2.937194824,0.332366943,0.329040527,pinch
3.601104736,0.986328125,0.126556396,0.282073975,0.282531738,1.148681641,0.11730957,0.516876221,pinch
3.429595947,1.911102295,0.094421387,0.230651855,0.4034729,1.492797852,0.161468506,0.370330811,pinch
4.392608643,1.602386475,0.16519165,0.281524658,0.681640625,2.728179932,0.298187256,0.76461792,pinch
3.448120117,1.151153564,0.136383057,0.292266846,0.400238037,1.947601318,0.167938232,0.301879883,pinch
4.76965332,1.824707031,0.261505127,0.330200195,0.485992432,2.610595703,0.222442627,0.515930176,pinch
0.211395264,0.021972656,0.020294189,0.022644043,0.014892578,0.012512207,0.018981934,0.093139648,noGesture
0.466308594,0.048675537,0.022918701,0.021697998,0.015075684,0.014312744,0.020050049,0.056671143,noGesture
0.54309082,0.06640625,0.025726318,0.022857666,0.015075684,0.016479492,0.026428223,0.178100586,noGesture
0.716522217,0.093505859,0.034698486,0.024108887,0.019866943,0.018188477,0.02911377,0.090454102,noGesture
0.432250977,0.052459717,0.023040771,0.024810791,0.018737793,0.017089844,0.019561768,0.154632568,noGesture
0.224243164,0.023193359,0.018096924,0.024963379,0.016113281,0.014801025,0.020568848,0.108642578,noGesture
0.203308105,0.018737793,0.015258789,0.016815186,0.013092041,0.013244629,0.017913818,0.081634521,noGesture
0.733947754,0.123687744,0.027648926,0.022705078,0.016204834,0.015686035,0.039459229,0.218933105,noGesture
0.358795166,0.057037354,0.027679443,0.022155762,0.018341064,0.015136719,0.025115967,0.133270264,noGesture
0.277893066,0.039459229,0.018737793,0.019897461,0.012023926,0.014373779,0.019744873,0.097686768,noGesture
0.523925781,0.060333252,0.025085449,0.02722168,0.017974854,0.015197754,0.019622803,0.128204346,noGesture
0.670501709,0.093475342,0.02734375,0.019989014,0.017944336,0.016479492,0.031860352,0.080871582,noGesture
0.239074707,0.024017334,0.01763916,0.024414063,0.015228271,0.013580322,0.016357422,0.081451416,noGesture
0.189605713,0.034301758,0.018310547,0.018280029,0.01171875,0.015197754,0.019439697,0.08480835,noGesture
0.69619751,0.103240967,0.029022217,0.023712158,0.018188477,0.01751709,0.022003174,0.093933105,noGesture
0.175537109,0.021057129,0.016662598,0.014007568,0.013061523,0.013671875,0.016235352,0.07119751,noGesture
0.207458496,0.026275635,0.014709473,0.020843506,0.011474609,0.01373291,0.018096924,0.082702637,noGesture
0.242004395,0.036560059,0.015655518,0.020141602,0.012908936,0.01550293,0.018280029,0.104278564,noGesture
0.86239624,0.084472656,0.028503418,0.023071289,0.01574707,0.01663208,0.02645874,0.077484131,noGesture
0.745819092,0.097930908,0.028564453,0.02444458,0.015136719,0.015075684,0.029663086,0.074615479,noGesture
0.431121826,0.052734375,0.02166748,0.023590088,0.01373291,0.013824463,0.034088135,0.159912109,noGesture
0.758911133,0.076171875,0.027740479,0.02255249,0.016143799,0.015655518,0.035888672,0.089752197,noGesture
0.207244873,0.027191162,0.017700195,0.016418457,0.011993408,0.015869141,0.019561768,0.074737549,noGesture
0.184387207,0.021026611,0.019073486,0.023223877,0.01651001,0.015686035,0.018768311,0.084747314,noGesture
0.419921875,0.048950195,0.020935059,0.016113281,0.017242432,0.017425537,0.02166748,0.103637695,noGesture
0.407958984,0.051361084,0.021911621,0.020172119,0.014831543,0.014984131,0.019470215,0.150970459,noGesture
0.579193115,0.085632324,0.024230957,0.01864624,0.018310547,0.017272949,0.042144775,0.191192627,noGesture
0.378723145,0.052612305,0.0184021,0.022186279,0.015960693,0.014648438,0.022186279,0.122406006,noGesture
0.218994141,0.054840088,0.022766113,0.02154541,0.016479492,0.013671875,0.021697998,0.101867676,noGesture
0.181335449,0.024291992,0.021789551,0.018829346,0.012969971,0.016113281,0.019165039,0.090667725,noGesture
1.182312012,0.100891113,0.04397583,0.023590088,0.015869141,0.021697998,0.08795166,0.106750488,noGesture
0.164276123,0.029693604,0.017944336,0.025238037,0.015411377,0.013183594,0.015441895,0.095428467,noGesture
0.761016846,0.117889404,0.030059814,0.023010254,0.016174316,0.013214111,0.021697998,0.09475708,noGesture
0.285644531,0.028381348,0.015625,0.023284912,0.018157959,0.015838623,0.019317627,0.086547852,noGesture
0.722351074,0.077484131,0.026611328,0.024353027,0.017700195,0.017456055,0.026367188,0.084533691,noGesture
0.182342529,0.028778076,0.019104004,0.021087646,0.018005371,0.014434814,0.018280029,0.080108643,noGesture
0.775115967,0.091003418,0.03036499,0.024780273,0.015319824,0.017181396,0.040893555,0.20425415,noGesture
0.224884033,0.025695801,0.013153076,0.019897461,0.012634277,0.015106201,0.024108887,0.097808838,noGesture
0.21282959,0.019165039,0.017028809,0.01852417,0.013366699,0.013824463,0.017059326,0.089660645,noGesture
0.499938965,0.049499512,0.023162842,0.020568848,0.018737793,0.015319824,0.035949707,0.167327881,noGesture
0.27444458,0.034118652,0.015808105,0.02041626,0.015197754,0.013671875,0.019927979,0.114807129,noGesture
0.352630615,0.04486084,0.022674561,0.023590088,0.018768311,0.016876221,0.02053833,0.058654785,noGesture
0.196990967,0.019348145,0.015563965,0.018157959,0.012451172,0.014831543,0.018554688,0.062164307,noGesture
0.203552246,0.029907227,0.016998291,0.02154541,0.017242432,0.011566162,0.021575928,0.09463501,noGesture
0.71673584,0.079437256,0.034118652,0.023986816,0.015808105,0.015075684,0.042877197,0.166870117,noGesture
0.200775146,0.031341553,0.021697998,0.02041626,0.015594482,0.015258789,0.019226074,0.081787109,noGesture
0.223510742,0.025024414,0.017974854,0.017944336,0.014221191,0.015808105,0.017883301,0.095092773,noGesture
0.22946167,0.022735596,0.015045166,0.016540527,0.017181396,0.01550293,0.018371582,0.06539917,noGesture
0.564727783,0.093566895,0.031982422,0.0206604,0.014434814,0.015380859,0.038574219,0.144897461,noGesture
0.187469482,0.025024414,0.014801025,0.018768311,0.012634277,0.016784668,0.020477295,0.078186035,noGesture
