S1,S2,S3,S4,S5,S6,S7,S8,s1,s2,s3,s4,s5,s6,s7,s8,ss1,ss2,ss3,ss4,ss5,ss6,ss7,ss8
0.00087731,3.41E-05,0.000798551,-0.009294872,-0.007252938,-0.000681503,-0.022571955,-0.050368792,-0.16046749,-0.019561349,0.009526915,0.008559646,-0.207237547,0.247713584,0.2641029,-0.027771381,0.017146003,0.198837032,0.052147113,-0.034494653,0.004339258,0.038945428,0.227854807,0.226495206
-0.067906769,-0.034185337,0.007324339,-0.009815732,-0.002034755,0.003547079,-0.017982346,-0.010885858,0.017328261,-0.082604082,-0.013075113,-0.031587933,-0.189748804,0.214896937,0.001485882,0.019911054,0.00389893,0.02006834,-0.026819169,-0.029209768,-0.007053869,0.034529918,0.01378755,0.098465717
-0.050702301,-0.042358606,0.004130226,-0.002104439,0.004412201,0.006532611,-0.000179644,0.003550154,0.103971123,-0.046510195,-0.043891928,-0.067057375,-0.0826075,0.044459403,0.053071379,0.010795839,0.035302244,0.02348174,-0.062701201,-0.029305231,0.001159402,0.010922253,-0.111857696,-0.005505648
0.014850552,-0.016484499,-0.005922727,0.007223076,0.003178086,0.00264404,0.015581225,0.000361402,0.110424224,0.061216357,-0.032275911,-0.026727997,0.098605476,-0.196213799,0.271800984,-0.030070683,0.078104408,0.081955713,-0.029226678,-0.016194468,0.010127151,-0.020923751,-0.148004736,-0.019281723
0.041227456,0.037556018,-0.007911673,-0.004149665,-0.008095335,-0.007966603,0.009798289,-0.003047393,0.038909561,0.109441912,0.027244873,0.010716546,0.041146203,-0.234995683,0.449878548,-0.019648187,0.039512152,0.012210736,0.023147597,0.004082924,-0.019522365,-0.050552769,-0.171133844,-0.005797526
-0.002620921,0.060604403,0.003499551,-0.021891418,-0.015043945,-0.016154103,-0.007771585,-0.000400299,-0.135819755,0.028486307,0.048566806,-0.041306485,-0.200589123,0.030871145,0.414624979,0.017314697,-0.050406498,-0.104594749,0.025766839,0.006263476,-0.057389782,-0.059742099,-0.173780009,-0.027346044
-0.051876944,0.007821772,0.009986903,-0.014537367,-0.008521977,-0.015326354,-0.015529957,0.00214494,-0.286001189,-0.080035055,-0.008727972,-0.077681744,-0.141089018,0.242418237,0.108025952,-0.024270181,-0.0694726,-0.068808926,-0.017817074,-0.011828388,-0.038614213,-0.023983665,-0.078029837,-0.038200923
-0.031702149,-0.06078337,-0.002206243,0.008669899,-1.31E-05,-0.009026313,-0.01283129,-0.001286925,-0.188452236,-0.068204913,-0.054928083,0.020584123,0.285712769,0.013433121,-0.23162655,-0.119577627,-0.00605965,0.08429034,-0.043569751,-0.024158177,0.023778534,0.048740121,0.087963697,0.000962897
0.029643481,-0.054703344,-0.014527564,0.013456761,-0.00137647,-0.003694041,-0.011322575,-0.008068217,0.093626522,0.038844528,-0.016064305,0.119960477,0.470966422,-0.405121725,-0.238504694,-0.106499744,0.02931637,0.117984392,-0.019503056,-0.016223409,0.051078827,0.101435812,0.189808436,0.041644414
0.034348717,0.003443529,-0.007382657,-0.001805607,-0.006591824,-0.001760457,-0.010364471,-0.012195646,0.179093481,0.064173948,0.034491605,0.022917901,0.084225321,-0.400393348,0.072116857,0.045801659,-0.006001262,-0.043048462,0.017987031,-0.003485832,0.018601755,0.08143981,0.183555573,0.054545106
-0.032630539,0.015619939,-0.000754914,-0.012814027,-0.006988825,-0.004298786,-0.004640986,-0.013374199,-0.069425777,-0.049083067,0.003496907,-0.16143,-0.337584269,0.046549988,0.26676077,0.140713343,-0.03689953,-0.194436932,0.02353031,-0.003833815,-0.018661867,0.002554288,0.14569759,0.069983827
-0.073604576,-0.030666943,-0.020730153,-0.014500771,-0.006631799,-0.011312442,-0.001403197,-0.015284769,-0.258585556,-0.126566996,-0.051540733,-0.142766771,-0.214108083,0.295188889,0.108001189,0.043984787,-0.018325197,-0.141361798,0.001422618,-0.012034028,-0.020188821,-0.06634337,0.089983889,0.061064587
-0.033113476,-0.056636796,-0.042909336,-0.014934817,-0.009042009,-0.016677341,-0.007494674,-0.016090091,-0.038678183,-0.021448801,-0.017674698,0.083593762,0.189822137,0.066596602,-0.13479084,-0.093738061,0.004907375,0.048317835,-0.01170413,-0.012044545,-0.005767637,-0.070380461,-0.046447681,-0.038990961
0.017037489,-0.035428792,-0.024722017,-0.007834152,-0.00704268,-0.012842588,-0.012384269,-0.009437269,0.317134149,0.141172164,0.06943281,0.204771773,0.230425289,-0.149991613,-0.154657446,-0.067344082,0.000419681,0.160154578,-0.00144833,-0.002645929,-0.002726964,-0.018347093,-0.196696223,-0.157713005
0.005553319,-0.01883534,0.015612986,0.006778832,0.000187908,-0.003944481,-0.00550356,0.002653243,0.304669822,0.137872238,0.072983484,0.061388884,-0.137913629,0.017179032,-0.035794361,0.06161727,-0.006344084,0.105894269,0.011116455,0.002479481,-0.009188092,0.027428372,-0.172785109,-0.123289624
-0.025369073,-0.02242862,0.016959969,0.003867216,-0.001002993,-0.003445362,0.002250726,0.007737219,-0.039674127,-0.013867163,-0.017558673,-0.129450363,-0.39385915,0.219060708,-0.001454037,0.076502424,-0.000484674,-0.012419562,0.008012551,-0.001791439,-0.014117272,0.009898545,0.033780597,0.055581869
-0.013195502,-0.00439562,-0.025243831,-0.02244381,-0.014410993,-0.014067876,-0.003971922,-6.93E-05,-0.217618433,-0.085304656,-0.065547315,-0.118652518,-0.252084333,0.085615864,-0.039061435,-0.041952049,0.002664116,-0.067149651,0.000798692,-0.002412767,-0.008017777,-0.059505323,0.178062374,0.15673831
0.011314638,0.033376395,-0.045162083,-0.031590515,-0.020811808,-0.021492024,-0.015590755,-0.010022032,-0.036280485,0.012396651,-0.007925753,0.03206867,0.034245613,-0.104290591,-0.007059744,-0.097023302,0.003633384,-0.042668549,0.002478344,0.00836227,0.017527092,-0.103127659,0.100966729,0.064267965
-0.003381111,0.035976593,-0.009952358,-0.000216403,-0.007234472,-0.015084342,-0.013738094,-0.010280499,0.168745468,0.109597625,0.052414807,0.095992197,0.11655658,0.014882896,0.107035718,0.003577975,0.007433417,-0.002240867,-0.005121446,0.011180029,0.042165955,-0.066343103,-0.054351002,-0.078307042
-0.024447042,-0.001857887,0.027521563,0.026778906,0.008596978,-0.004104734,-0.00110955,-0.00530498,0.110911292,0.054930081,0.023372024,0.024445687,-0.029938249,0.200325065,0.214787372,0.115882788,-0.008912691,0.012357363,-0.04164153,-0.016377118,0.017080816,0.008389755,-0.084170986,-0.106751649
-0.002835838,-0.026241535,0.012758586,0.004575842,0.004278407,-0.003406632,0.003152514,-0.006038652,-0.069582902,-0.071496151,-0.037921367,-0.025986597,-0.160211812,0.06907818,0.245341151,0.091807014,-0.045261428,0.006336232,-0.078003895,-0.056536207,-0.059601054,0.035922126,0.002803963,-0.034967887
0.023173324,-0.022149017,-0.027011847,-0.031225572,-0.011729987,-0.011533342,-0.004136739,-0.009204241,-0.13099101,-0.112493426,-0.039352244,0.034385593,-0.09192208,-0.166855264,0.153715309,-0.021154011,-0.043101631,-0.007505992,-0.064298421,-0.063453072,-0.107540935,0.003662923,0.079887016,0.050327663
-0.002413426,-0.022224455,-0.029669867,-0.019759609,-0.014331129,-0.015091657,-0.006720237,-0.002452154,-0.088963835,-0.058815596,-0.001553699,0.084208311,0.04785424,-0.060871427,-0.008417204,-0.085109238,0.018542571,-0.023526729,-0.0101068,-0.028065376,-0.066772894,-0.025666768,0.104173131,0.105551253
-0.040241857,-0.022034968,0.006347867,0.020291845,-0.001395222,-0.009893976,0.001392581,0.010745416,-0.076058096,-0.008023318,0.003013403,-0.017098326,-0.042942418,0.293932331,-0.031632441,-0.060642058,0.05597605,-0.028862632,0.017594567,0.00354013,0.005394674,-0.022085236,0.10128283,0.087432226
-0.020960963,0.008938247,0.02491727,0.01796135,0.005968536,-0.004695475,0.0048811,0.009406253,-0.094128812,-0.001019859,-0.01791717,-0.177821267,-0.390415281,0.457882797,0.194186762,-0.011197509,0.004676311,-0.016882338,-0.008634229,-0.003470553,0.015508228,-0.022495576,0.085914244,-0.020609628
0.025991338,0.039108073,-0.001412752,-0.032307281,-0.001187801,-0.004670419,-0.00706816,-0.014222294,-0.07819527,-0.010770006,-0.008777808,-0.153701295,-0.59853307,0.359918362,0.396187884,0.009877813,-0.05884821,-0.008346782,-0.038774949,-0.02346467,-0.026491677,-0.040891519,0.088483883,-0.107579303
0.021095065,0.010366152,-0.034322373,-0.059418642,-0.008071874,-0.00374542,-0.021144437,-0.03656492,-0.030750904,-0.02119835,0.018853144,0.093800675,-0.38007645,0.245501307,0.219872108,0.007454519,-0.030503204,-0.017944553,-0.028119534,-0.018044305,-0.038597722,-0.030448271,0.134485271,-0.053086653
-0.025467041,-0.043156554,-0.027936469,-0.027042136,-0.002670227,0.002783942,-0.018303851,-0.029333643,0.029957826,-0.022089076,0.008218761,0.273091436,-0.03481434,0.139798485,-0.197983451,0.012036493,0.049952804,-0.014666759,0.000991605,0.001690586,-0.007762487,0.022278111,0.156549245,0.051339993
-0.037574881,-0.032562937,0.007886497,0.015921679,0.006153607,0.007950437,-0.002079899,0.002350296,0.099999758,0.01100412,-0.031822685,0.135195048,-0.020899902,-0.058812952,-0.341338985,0.038512359,0.065268633,0.027633082,0.013088394,0.003094086,0.00419557,0.045994067,0.077159797,0.023631502
-0.012552944,0.027819619,0.025036691,0.017301575,0.004711267,0.002832699,0.005535627,0.023854946,0.101277698,0.054783197,-0.03743723,-0.142863679,-0.217767687,-0.15618499,-0.040176401,0.066719766,0.007910042,0.056713624,0.016059082,-0.006142954,-0.01596749,-0.009691914,-0.021795155,-0.08215963
-0.01855376,0.029015919,0.004488018,-0.005937965,-0.005240283,-0.008943534,-0.005203082,0.013911936,-0.041127429,0.035489546,-0.000165223,-0.170638535,-0.139805846,0.058932175,0.317184032,0.064352099,-0.029515907,0.000529651,0.022603751,0.00405916,-0.013008484,-0.084295488,-0.008480778,-0.050106402
-0.057784741,-0.048481272,-0.021646273,-0.010574775,-0.011842675,-0.014861025,-0.018371417,-0.010058003,-0.177777413,-0.035276594,0.027892313,0.099931508,0.188296217,0.279167019,0.385020789,0.042647596,-0.017777056,-0.102912964,0.012799301,0.02432586,0.024067285,-0.092898464,0.046592676,0.095923716
-0.050961443,-0.089951972,-0.020249091,0.001690341,-0.010812652,-0.010205675,-0.015474179,-0.016854848,-0.050438252,-0.02999369,0.03498957,0.306037477,0.224799858,0.064262864,0.26742716,0.049615942,-0.015221994,-0.133449292,-0.017289396,0.018115623,0.035623863,-0.043770732,-0.014030327,0.096222628
0.021424405,-0.026100786,-0.002982938,-0.002273727,-0.008412599,-0.003364547,-0.002060325,-0.002177038,0.269379511,0.081860564,0.056080603,0.217242102,-0.111847179,-0.350873682,0.183560559,0.07061679,-0.041281391,-0.065476574,-0.024947578,-0.010989844,0.004358357,0.005813491,-0.099382402,-0.086350642
0.071431778,0.0603705,-0.000924091,-0.025596193,-0.009632815,-0.003207437,0.001383541,0.009243997,0.362552707,0.117304036,0.071624255,0.058582572,-0.175250956,-0.333255086,0.122591796,0.00766677,-0.045088917,-0.00982959,0.009366029,-0.020016375,-0.005902033,0.050985461,0.015457717,-0.164784829
0.040573303,0.066248674,-0.012666391,-0.034762865,-0.011272352,-0.008020192,-0.008655229,0.001322374,0.07427812,-0.053798716,0.013042732,0.119568857,0.344581838,0.085552517,0.04104229,-0.151126522,-0.007026362,-0.039734429,0.035440195,0.002586842,0.032643053,0.103758428,0.241394181,-0.000697679
-0.00972946,0.010727271,-0.010844801,-0.011703999,-0.008381058,-0.010536122,-0.013172006,-0.009945317,-0.165304711,-0.23380028,-0.096420938,0.281710554,0.752926318,0.188753877,0.059974658,-0.213989627,0.025364968,-0.085063306,0.01168621,0.019060646,0.049554639,0.110715446,0.242471738,0.16117419
-0.007860717,-0.020920691,0.006857011,0.018093874,-0.003147153,-0.0086657,-0.0018258,-0.002625323,0.063218558,-0.12732932,-0.122460962,0.208958422,0.350537303,-0.238105153,0.218201197,0.001671113,0.017044102,-0.061948432,-0.024235817,0.005557995,-0.005855977,0.024229439,0.005667301,0.097478379
0.006762606,-0.007963214,0.011322929,0.019158463,-0.003444591,-0.006156006,0.008167321,0.012826511,0.500058312,0.191171118,-0.011842453,-0.116284389,-0.394212664,-0.470485763,0.303519396,0.352009815,-0.011571792,-0.004488748,-0.022589871,-0.013533232,-0.063952887,-0.073430262,-0.102801708,-0.062422511
-0.0389798,0.002239862,-0.008091303,-0.009035001,-0.012647037,-0.005697097,-0.001728637,0.004864327,0.530344767,0.310541566,0.096857855,-0.347195589,-0.475550934,0.035256256,0.171696692,0.453016442,-0.030509753,0.011312907,-0.0035037,-0.010312119,-0.035327538,-0.048467925,0.030010231,-0.105064722
-0.105885536,-0.015143525,-0.023171359,-0.033909845,-0.023910056,-0.006307719,-0.019785279,-0.027927384,0.050282439,0.040805908,0.054621276,-0.257036679,0.091186473,0.735379441,-0.000676354,0.154879071,-0.032261937,-0.013580854,-0.005279374,0.007067527,0.04352069,0.078881273,0.064119244,-0.057739567
-0.086407743,-0.03024984,-0.011065623,-0.030893522,-0.026904277,-0.006074533,-0.019277156,-0.045225734,-0.406704935,-0.308794493,-0.080766971,-0.013252482,0.268412983,0.753408192,-0.01267486,-0.22929093,-0.015315155,-0.038448759,-0.007265965,0.017472571,0.061333857,0.137213175,-0.149215713,-0.031333001
0.016583163,-0.013289094,0.010513805,-0.009709528,-0.019316576,-0.004006607,0.000623458,-0.021518452,-0.402216471,-0.341961119,-0.129157349,0.099090284,-0.364185537,0.1033779,0.037465999,-0.292493118,0.016582694,-0.057479405,0.018686766,0.01704987,0.002781327,0.045443767,-0.237933844,0.014230097
0.075616464,0.017123715,0.012094232,0.00363933,-0.009250429,-0.000635965,0.012286986,0.011863815,-0.078044643,-0.074856893,-0.045988459,0.02497171,-0.905730328,-0.432237848,-0.018002376,-0.022394775,0.038280339,-0.062094125,0.03234868,0.009440136,-0.03476647,-0.069752372,0.032606471,0.115427571
0.032666361,0.018894833,-0.004873307,0.00075652,-0.005965712,0.001207056,0.000203853,0.011565507,0.158707209,0.151835789,0.037445982,-0.09903577,-0.514808442,-0.402071779,-0.0659023,0.227837064,0.023894578,-0.016568183,-0.011441854,-0.006615923,-0.003016064,-0.061411916,0.250680097,0.13178782
-0.013447606,-0.010917368,-0.015768545,-0.004776404,-0.010220941,-0.001089618,-0.017646584,-0.011680223,0.12552981,0.135847218,0.026962464,-0.17605265,0.285557358,-0.091741202,0.094804056,0.200615621,-0.017173508,0.049667676,-0.066616343,-0.024048189,0.020439003,0.033770953,-0.013599569,-0.024057781
0.016866454,-0.028622924,-0.011211125,-0.003608349,-0.014659186,-0.005359518,-0.018340921,-0.014486672,-0.067771079,-0.004704328,-0.013039938,-0.191305166,0.41647283,0.075559428,0.330260931,0.004721692,-0.048944658,0.024471332,-0.057643769,-0.025531353,-0.033602162,0.06947112,-0.445731088,-0.15935951
0.040975094,-0.012092388,-0.006898256,-0.004796404,-0.01221486,-0.006826541,-0.005825692,0.004214086,-0.208061706,-0.064121816,0.010799256,-0.11295045,-0.155031528,0.01997009,0.285687065,-0.088999175,-0.047311491,-0.115027595,-0.005080666,-0.00934113,-0.098040892,0.002283547,-0.42643919,-0.062315032
-0.030578244,0.004297006,-0.015334393,-0.015868053,-0.002778033,-0.005528615,0.000965814,0.004804229,-0.141502697,0.005987452,0.076096905,0.076100182,-0.515942062,-0.14891496,-0.074755946,0.008347529,-0.018360588,-0.212530902,0.008428871,0.002611638,-0.064386343,-0.072235724,-0.00394617,0.143274754
-0.100278505,-0.003414615,-0.022745689,-0.023046909,0.007136638,-0.00553513,-0.00105879,-0.016254809,0.078956914,0.098749472,0.095577979,0.255546657,-0.291599969,-0.330953885,-0.345940795,0.136358523,0.006580078,-0.133535582,-0.024734348,-0.005273803,0.038486145,-0.073475618,0.191161694,0.16554409
-0.029808929,-0.004142531,-0.007332524,-0.010198373,0.008969034,-0.006992488,-0.000562266,-0.01695586,0.182125972,0.094025404,0.046453144,0.235361233,-0.077985793,-0.372334867,-0.209333686,0.107029631,-0.006803731,0.031718165,-0.035485107,-0.021293972,0.070356973,-0.031955801,-0.062716586,-0.017487833
0.080335695,0.00705152,0.020311468,0.008389741,-0.00238708,-0.007985297,0.001258327,0.005940125,0.00206083,-0.022353231,-0.016636356,0.00784807,-0.302083266,-0.149641406,0.132660189,-0.076014033,-0.051865026,0.10012693,-0.004424394,-0.025148356,-0.01285093,-0.016193431,-0.282455776,-0.141631382
-0.00051259,-0.034823193,0.018282262,0.000512756,-0.022331439,-0.012972648,-0.010431604,-0.003059676,-0.219184905,-0.13378126,-0.042757411,-0.183190201,-0.544346415,0.158328363,0.22366547,-0.230899196,-0.066994433,0.05650539,0.011723819,-0.013195076,-0.089028087,-0.030533204,-0.08797996,-0.051598069
-0.228407903,-0.126147876,-0.024149882,-0.03184755,-0.034342411,-0.02486009,-0.032301646,-0.054718631,-0.121780461,-0.10598187,-0.028808025,-0.128683489,-0.356247933,0.186944647,-0.050820913,-0.209756385,-0.009373551,0.03198138,-0.01241673,0.001990787,-0.053343061,-0.025126926,0.223148328,0.111115844
-0.266363695,-0.118522941,-0.050712232,-0.042401684,-0.022239402,-0.029520757,-0.034556321,-0.069267535,0.199781772,0.038524824,-0.002919783,0.061997533,-0.032212455,-0.086685042,-0.327399524,-0.066785498,0.065650356,0.069358051,-0.030247163,0.005584931,0.027551189,0.021532334,0.176965471,0.140032016
0.006214032,0.051238655,-0.011667693,-0.005493975,0.00765466,-0.010751377,-0.003684337,-0.001815151,0.272699039,0.117035347,0.003403446,0.099555036,-0.051498938,-0.23563717,-0.237782072,0.018244697,0.061230836,0.069869484,-0.009834764,-0.008141924,0.028560034,0.069828051,-0.169293125,0.016219728
0.236467818,0.167859913,0.045357365,0.034944135,0.024307985,0.015478986,0.025498141,0.058208541,-0.043598825,0.019417806,-0.018232708,-0.083927565,-0.265684374,-0.000685211,0.132396135,-0.03119082,-0.022897253,-0.027861613,0.018408669,-0.027233895,-0.041261167,0.070828905,-0.360286777,-0.118913717
0.091061621,0.026570808,0.031588145,0.021220614,0.006416877,0.012210615,0.011936086,0.012673104,-0.318515801,-0.127657151,-0.039376886,-0.236281823,-0.207759459,0.276573954,0.356771269,-0.107335208,-0.082297818,-0.145964484,0.024368006,-0.028092192,-0.07017741,0.026958949,-0.193964121,-0.138414704
-0.207244966,-0.17800096,-0.037457927,-0.028648131,-0.025020339,-0.020135662,-0.02649805,-0.073139831,-0.194737865,-0.128069833,-0.028827783,-0.145584141,0.114522139,0.136609792,0.176322845,-0.090487017,-0.055004765,-0.165042857,0.020663816,-0.003988281,-0.026157588,-0.015464335,0.080996764,-0.037177677
-0.18660819,-0.101801055,-0.050791405,-0.041226068,-0.029042824,-0.032746358,-0.031505053,-0.054267469,0.098850644,0.009245602,-0.003573609,0.053114072,0.27129136,-0.300850971,-0.221531047,-0.020100229,-0.000650118,-0.044457304,0.019801735,0.019454637,0.015391599,-0.025097205,0.165276,0.077711869
0.131986655,0.145609988,0.017577706,0.000872775,-0.001333941,-0.001184539,0.006805802,0.056766167,0.146099022,0.092234726,-0.00915091,0.070099835,0.086416471,-0.499864639,-0.436742885,-0.019867356,0.001351701,0.148395235,0.009604606,0.015516306,0.015988679,-0.0146949,0.045454524,0.08931656
0.231764066,0.100980265,0.053062775,0.030784213,0.017705436,0.029531042,0.029082731,0.089035052,-0.044606634,0.023752397,-0.043987729,-0.128071076,-0.172686233,-0.266086593,-0.274385113,-0.10635909,-0.037812662,0.266408838,-0.00665982,-0.005292063,0.0202283,-0.009003715,-0.103637008,-0.00399013
-0.092376491,-0.267058224,-0.010063994,0.004463774,0.002676309,0.013455373,-0.000233,-0.018883024,-0.152062662,-0.078305146,-0.051619323,-0.27731679,-0.190464558,0.059000982,0.110864368,-0.168614246,-0.056588922,0.184374307,-0.000548501,-0.011396793,0.039837593,-0.008674223,-0.165154216,-0.082255506
-0.365512355,-0.394847597,-0.064821217,-0.028302704,-0.018511938,-0.019177748,-0.030430799,-0.105553034,-0.061270671,-0.068080426,-0.005731913,-0.181204298,0.109821704,0.16623686,0.413093313,-0.122568587,-0.038468216,-0.043350103,0.029835422,0.002519024,0.01524759,-0.001362359,-0.144024557,-0.055423826
-0.135912908,-0.00204119,-0.005858001,-0.008578024,-0.010914951,-0.011624632,-0.004619621,-0.031509123,0.057584592,0.031664142,0.044836388,0.044403093,0.558828378,0.141151492,0.448060048,-0.000254875,-0.012340688,-0.180969008,0.046883006,0.012044482,-0.061099118,0.010506418,-0.090051133,0.016891621
0.309523806,0.381016971,0.079977345,0.030363625,0.008952855,0.020125322,0.040062481,0.093618323,0.071612874,0.081883995,0.043241747,0.150197762,0.803628668,0.148678049,0.26066931,0.112892885,0.005712408,-0.075859707,0.030421818,0.003724712,-0.095201784,0.013963164,-0.041633731,0.011186103
0.358447309,0.19935368,0.045367303,0.015949009,-0.000465556,0.012560489,0.024563894,0.070878729,0.003731596,0.014254143,-0.002405159,0.061750558,0.557855501,0.129530652,0.034473017,0.152707774,0.019908295,0.125816221,0.00379614,-0.009765726,-0.033309709,0.007352401,-0.00144817,-0.08409697
0.001796874,-0.241844852,-0.072980371,-0.043626398,-0.035425488,-0.031975971,-0.042069944,-0.082312426,-0.095445711,-0.094163205,-0.041353356,-0.079343503,-0.010781127,0.023282606,-0.081027245,0.089339945,0.025700908,0.162053737,-0.009899156,-0.015644319,0.041538315,0.001782382,0.070839855,-0.148981555
-0.172265853,-0.261687263,-0.113136488,-0.071196464,-0.048888203,-0.043399468,-0.070381433,-0.157845586,-0.16736452,-0.1167912,-0.043592494,-0.122663092,-0.365073986,-0.013896947,-0.070634786,-0.049852465,0.0143829,0.014063674,-0.014345322,-0.014272787,0.035558522,0.007428888,0.191167848,-0.091220573
0.098623681,0.115339418,-0.046637404,-0.039404607,-0.022830486,-0.005298069,-0.02975211,-0.067796707,-0.116563333,-0.021084384,-0.016537098,-0.067376612,-0.25095016,0.109174166,-0.007684372,-0.156758954,-0.004419025,-0.088496143,-0.013443876,-0.005051046,-0.014117111,0.025210266,0.263768794,0.034688597
0.384986969,0.252322387,0.004088124,3.26E-05,0.006428315,0.01354966,0.009274943,0.045775881,0.046547206,0.087091747,0.013727843,-0.016870006,0.022487232,0.160040373,0.052317885,-0.126092286,-0.011537587,-0.025143311,-0.002571934,0.01236252,-0.01691424,0.040391688,0.161581759,0.100247676
0.30424278,-0.023700047,-0.008783183,0.007003217,0.005965903,-0.017853661,-0.004757082,0.047385885,0.138458986,0.078747693,0.018758779,-0.032270957,0.138724497,-0.074398685,0.101519161,0.007667339,-0.001222202,0.048316638,0.006224877,0.020785391,0.0186047,0.025689532,-0.060351906,0.062903249
0.10484788,-0.168249563,-0.006597508,-0.001910512,-0.011398693,-0.03113311,-0.029615038,-0.009186685,0.057441316,-0.033868968,-0.008847502,-0.065225574,0.209250881,-0.361056653,0.1328986,0.091752892,0.016777496,-0.028121423,-0.004997523,0.000725195,0.017498812,-0.024965016,-0.161936026,0.002966833
0.14724407,0.132328206,0.026138716,-0.010634257,-0.019785102,0.019034716,-0.018763406,-0.019357983,-0.036679571,-0.10132517,-0.037367211,-0.038837722,0.358879871,-0.295403739,0.125301942,0.047464488,0.024855034,-0.152038771,-0.020489103,-0.032152965,-0.019393544,-0.068285314,-0.033530124,-0.003026379
0.243459382,0.4322811,-0.004538709,-0.032416291,-0.018269162,0.055661029,-0.002984659,-0.006730642,0.006089175,-0.038798513,-0.029857548,0.032782257,0.323509936,0.088661813,0.079466849,-0.03554358,0.005195254,-0.120627718,-0.010138938,-0.037905404,-0.021201303,-0.055897989,0.11405009,0.012154059
0.052568772,0.272393434,-0.103484281,-0.057807045,-0.013954197,-0.005476783,-0.019886109,-0.034854708,0.05800379,0.052927398,0.001583814,0.057831475,-0.071407443,0.351812663,0.022139295,-0.042944057,-0.037421461,0.042568644,0.011424646,-0.009746468,0.020663088,-0.008658635,0.040413972,-0.023608452
-0.171309165,-0.076387562,-0.126010588,-0.043275309,-0.000885919,-0.101995495,-0.033798977,-0.050933863,-0.028582263,0.045975899,0.013807456,0.006841082,-0.396549164,0.278645672,-0.030617614,0.006091174,-0.061403407,0.1153154,0.001148581,0.013423417,0.036629192,0.005976619,-0.150538056,-0.088837396
0.090039785,-0.07379764,-0.009038395,0.01204507,0.016969482,-0.099836493,-0.004301578,0.016516888,-0.093070484,-0.014580731,0.002956896,-0.0344225,-0.160388879,0.113112831,-0.074995046,0.016521159,-0.030040779,0.013202717,-0.035695624,0.00520345,0.0019953,-0.019318113,-0.15831907,-0.092609228
0.640615251,0.234883135,0.094439523,0.038843867,0.01196956,0.003523602,0.024181765,0.077049866,0.063280359,0.00059654,0.003653013,0.000454541,0.363305066,0.102609434,-0.092062732,-0.02900876,0.028677857,-0.092079157,-0.049621311,-0.013099073,-0.025330128,-0.017561772,0.041103796,-0.026220386
0.672573447,0.34307126,0.031086386,-0.007678995,-0.025873573,0.070323039,-0.008617729,-0.007653229,0.241674192,0.069135977,0.014835792,0.045527604,0.455455936,0.14699901,-0.070493217,-0.06342997,0.042437492,-0.050194704,-0.0336924,-0.015205482,-0.012207195,0.031570402,0.145973461,0.009217531
-0.016538534,0.099753186,-0.122393048,-0.074086316,-0.058713951,0.025541199,-0.064658822,-0.158587015,0.101585308,0.043333982,-0.00610923,0.007205506,-0.004309543,0.054038827,-0.051209952,-0.048308822,-0.012410608,0.036231183,-0.032858948,-0.012042775,-0.002162987,0.049934434,-0.003323799,-0.041280904
-0.62136502,-0.115384199,-0.173076451,-0.079027939,-0.047030987,-0.045813043,-0.06093656,-0.152554331,-0.229868331,-0.086099674,-0.056653208,-0.077624801,-0.407848459,-0.121373072,-0.087288717,-0.007903419,-0.074441596,-0.013261853,-0.051913667,-0.021777684,-0.022866609,-0.010678651,-0.17662656,-0.094870123
-0.47629671,-0.049965802,-0.073929331,-0.020218274,-0.006275174,-0.043720623,-0.006949499,0.015669777,-0.274557832,-0.140289153,-0.069004715,-0.09652036,-0.339055079,-0.193597124,-0.154217761,0.032782494,-0.073106581,-0.157372699,-0.036184356,-0.028393821,-0.02704284,-0.069383659,-0.109859157,-0.053991381
0.017506133,0.051647318,0.051687094,0.038517533,0.018859887,0.006447407,0.015928043,0.088677327,0.049143817,-0.027766969,-0.013772622,-0.038301528,-0.062164687,-0.135171518,-0.16545038,0.064330684,-0.011635889,-0.182541172,0.024464385,-0.008235702,0.019123451,-0.035281985,0.104746105,0.048567542
0.101431822,-0.086499141,0.096849734,0.058096615,0.019565892,0.025627467,-0.004660146,-0.047697768,0.274893736,0.100183732,0.042032611,0.005377296,0.027927802,-0.066604747,-0.095246384,0.056127495,0.047022699,-0.023910582,0.055058432,0.022314462,0.059496968,0.03970929,0.179764703,0.096507005
-0.209051473,-0.294064656,0.067845611,0.049345856,0.020690361,0.012160867,-0.005570389,-0.166595934,0.111454481,0.075468216,0.029907826,0.000798105,-0.048530391,-0.058645243,-0.024109564,-0.016468882,0.054092543,0.135170647,0.008905268,0.026236344,0.030321086,0.039596326,0.054775126,0.038935398
-0.330654839,-0.239450771,0.012696945,0.024461193,0.024113003,0.012271023,0.017473347,-0.073109557,-0.139163643,-0.043748911,-0.022868591,0.006551728,-0.076708266,-0.087692719,-0.031340102,-0.103524339,0.014340225,0.121940168,-0.051119024,0.002882096,-0.03155744,-0.02854502,-0.058237786,-0.064393344
-0.128724749,0.013949919,-0.049361235,-0.021103937,0.002843323,0.013079313,-0.00727538,0.065566638,-0.114767435,-0.087858063,-0.046564888,0.03725369,-0.04392373,-0.117761141,-0.093158326,-0.115128885,-0.031297945,-0.004798359,-0.045543103,-0.012670918,-0.04122036,-0.055401242,-0.015360757,-0.117293872
-0.027639991,0.092591689,-0.106282436,-0.072857434,-0.042544775,-0.03132085,-0.083081783,0.0106495,0.057324387,-0.030092234,-0.032985667,0.022958811,-0.058501455,-0.120227748,-0.125850218,-0.042053934,-0.043412223,-0.063432189,0.008001091,-0.003779156,0.003847445,-0.017240956,0.07063637,-0.069333623
-0.198766383,-0.094220432,-0.115304267,-0.085979892,-0.06578692,-0.087424368,-0.107003906,-0.128942334,0.061031888,0.019491864,-0.024077494,-0.054860943,-0.103931754,-0.070199833,-0.094264361,0.024463728,-0.013688149,0.014711357,0.039055659,0.009787815,0.027842391,-0.000762774,0.03589013,0.044315339
-0.288119339,-0.202546422,-0.031410503,-0.033908132,-0.035003863,-0.064047925,-0.03437908,-0.09271656,-0.067150362,0.007128827,-0.030350106,-0.103000828,-0.09755075,0.003130862,-0.037098104,0.016431239,0.030468356,0.13331064,0.030493079,0.009411719,0.000837148,-0.031184563,-0.078542356,0.120054624
-0.04368747,0.005686469,0.113246972,0.045006697,0.016852224,0.037208463,0.0312066,0.052529466,-0.067951281,-0.020750642,-0.025333509,-0.055621932,-0.056507122,0.025183823,-0.003349519,-0.028611495,0.053545393,0.159501955,0.011993122,0.00043309,-0.023755266,-0.025586041,-0.099071321,0.078787872
0.297217897,0.276342468,0.186068653,0.070945088,0.027330302,0.090433568,-0.004801081,0.018782104,0.064575484,-0.029381148,-0.004709352,0.018297272,-0.046259994,-0.013987648,-0.000141032,-0.039959658,0.043854631,0.053261898,-0.009010318,-0.008101941,-0.007031165,0.037423999,-0.002262596,-0.043159948
0.406913584,0.235925704,0.077499256,0.00399162,-0.021062296,0.011885692,-0.076905392,-0.167107832,0.105425621,-0.0251055,0.005772542,0.018938948,-0.061937053,-0.036200926,-0.003461716,-0.013792,0.012631403,-0.093744488,-0.038511851,-0.017359786,0.016760737,0.050192641,0.027973247,-0.133928445
0.270918361,-0.061337347,-0.137130132,-0.103188078,-0.081904501,-0.115494387,-0.071280109,-0.165246435,0.001396631,-0.000519581,-0.004245161,-0.042668838,-0.066012574,-0.005370265,0.001170009,0.002176396,-0.025801946,-0.135343926,-0.051623492,-0.024418631,0.009463852,-0.037454548,-0.114173338,-0.133393862
0.042967105,-0.241108469,-0.249813168,-0.153966179,-0.09844153,-0.148443692,-0.01216461,0.080904991,-0.073753776,0.037322508,-0.01955034,-0.080806273,-0.057364963,0.013518767,0.000917559,-0.012575383,-0.054634276,-0.037038142,-0.026718463,-0.019703754,-0.008440278,-0.098172767,-0.253850825,-0.068382326
-0.182135334,-0.148268782,-0.180674666,-0.113960605,-0.061885133,-0.065000295,-0.006777239,0.194393883,-0.030975591,0.019100845,-0.029236488,-0.06191586,-0.035884539,-0.021557058,-0.020623578,-0.033302305,-0.050305816,0.05418249,0.002292378,-0.00747751,-0.007408069,-0.016791741,-0.175368742,0.017475303
-0.30449712,0.019202333,-0.073183004,-0.041018246,-0.011409164,0.031635894,-0.048703758,-0.013463719,0.038095858,-0.087135893,-0.032267898,-0.023001773,0.011712981,-0.0486654,-0.051075402,-0.034973202,-0.009387349,-0.006832247,-0.007898248,-0.00558427,-0.006663518,0.104460799,0.028250441,0.083656153
-0.211180876,0.068738997,-0.051352264,0.002264133,0.014780665,0.061409481,-0.025257315,-0.192373227,0.062567758,-0.167161787,-0.022480588,0.00328751,0.047999241,-0.014707672,-0.05859655,-0.02096316,0.027920791,-0.142893478,-0.038037045,-0.016103557,-0.028950413,0.084264203,0.077929448,0.06211354
0.012312683,0.002302659,-0.032468246,0.021125829,0.014734802,0.042203745,0.07725207,-0.014474074,0.059337324,-0.091942298,-0.000932024,0.014736684,0.011388279,0.025673216,-0.035614892,-0.009613243,0.018675331,-0.154802266,-0.04344788,-0.019175356,-0.040745448,-0.058286917,-0.046071,-0.072510958
0.101120408,-0.153554178,0.075544766,0.041771425,0.008381059,0.022423358,0.124638211,0.273652693,0.01165544,0.066769548,0.006820777,0.008134147,-0.055858679,0.006313348,-0.009966305,-0.010533231,-0.019654315,-0.024486728,-0.031564278,-0.005401467,-0.002410515,-0.134357056,-0.070893963,-0.195853535
-0.013748392,-0.38340012,0.152566481,0.047555127,0.007519273,0.014756718,0.041450076,0.247144088,-0.106832877,0.111246725,-0.020662173,-0.020673613,-0.028294702,-0.035981864,-0.003207824,-0.015605604,-0.028978028,0.064634646,-0.031304552,0.009000553,0.049452124,-0.076630279,0.099514562,-0.136737965
-0.076024163,-0.489615209,0.063013574,0.024863803,0.015257346,0.01575791,-0.060360167,-0.018594043,-0.196472971,0.008132616,-0.061246254,-0.050405439,0.099660096,-0.03126212,-0.004322308,-0.011151865,0.001246149,0.02982303,-0.018883531,0.010197571,0.041607942,-0.020264744,0.205030549,0.071506515
0.09313879,-0.208725295,-0.062223819,0.022548051,0.036692571,0.030209014,-0.04514814,-0.119325968,-0.125523391,-0.068211068,-0.069808777,-0.051884271,0.160324857,0.004496828,0.000306043,-0.00067043,0.015003868,0.000583412,0.037279871,0.005264266,-0.022761015,-0.060634328,0.078105493,0.182351611
0.288209679,0.329364443,-0.018705086,0.076470672,0.06260483,0.045327538,0.049018751,-0.007296445,0.040420526,-0.015733561,-0.036196045,-0.030734998,0.048710771,0.009900788,0.000288576,-0.004367292,-0.021113742,0.059599617,0.082172376,-0.000728195,-0.062699895,-0.103094102,-0.047727723,0.053947559
0.22792153,0.58385614,0.102010412,0.113738425,0.057817723,0.027434017,0.083725003,-0.010112458,0.10067761,0.050724232,0.003836684,-0.018688473,-0.10357697,-0.011691465,-0.013210393,-0.025632111,-0.059724677,0.091134287,0.031713317,-0.01896076,-0.038725546,-0.042592489,0.061096235,-0.148637614
-0.006427983,0.278753691,0.065717437,0.046503038,0.005935872,-0.021934444,0.028268212,-0.210625976,0.017574841,0.014598605,0.015918372,-0.023748875,-0.108452784,-0.010541406,-0.023358712,-0.036961508,-0.042751745,0.009172164,-0.076857739,-0.047884118,-0.003688311,0.04715633,0.205576883,-0.17287781
-0.099945228,-0.168585184,-0.054704071,-0.059698047,-0.042790709,-0.046047832,-0.026015944,-0.307302513,-0.045504109,-0.046137118,0.003723688,-0.020653813,0.009763569,0.013899403,-0.016005383,-0.020214932,0.008556783,-0.065640911,-0.107663154,-0.056809624,-0.010436547,0.033845493,0.071604583,-0.006781084
0.032692768,-0.170725951,0.019600951,-0.051288886,-0.021330837,-0.007756625,-0.030243503,-0.162891164,-0.001352514,-0.005397626,-0.005058022,0.004793205,0.067674615,0.017433376,-0.007253069,0.000680344,0.025438719,-0.015744419,-0.02552013,-0.027925563,-0.032597442,-0.053539146,-0.216281415,0.132873449
0.196187765,0.282790238,0.232260078,0.069497217,0.05167535,0.048477613,-0.029723426,-0.023742634,0.05071305,0.086709384,0.004712135,0.029680539,0.001572462,-0.006994013,-0.014382519,-0.002957689,-0.006961694,0.062621485,0.042770929,0.006461114,-0.019535759,-0.069906405,-0.261186611,0.091843467
0.29739974,0.688760992,0.210619831,0.122740346,0.080866095,0.054409883,-0.043912758,-0.036108309,0.033683375,0.077166071,0.019154658,0.025732485,-0.063116884,-0.022333356,-0.02289074,-0.016711139,-0.034966009,0.036618757,0.001822413,0.004578721,0.018270135,0.019383769,-0.019569202,-0.052559317
0.462520471,0.673492029,-0.082349206,0.024320469,0.027255706,0.014159472,-0.017784427,0.015946036,0.007188125,-0.052928453,0.014540579,0.000266028,-0.030680468,-0.014077168,-0.013031218,-0.010915551,-0.020517983,-0.030470437,-0.067249224,-0.021305726,0.031332145,0.094794153,0.151230596,-0.110796238
0.681616999,0.282789595,-0.201498064,-0.077287138,-0.03238487,-0.008612081,0.062705374,0.246086879,0.001457852,-0.16433557,-0.008030061,-0.012668403,0.026200854,-0.005522862,0.002476848,0.003889428,0.010340654,-0.016882165,-0.045740663,-0.023729973,0.009820882,0.067037505,0.075910135,-0.003625745
0.653150937,-0.213577302,0.065325437,-0.033494969,-0.019804098,0.012073125,0.110983435,0.34303757,-0.062965734,-0.15322561,-0.019164799,0.00154692,0.009246827,-0.009447306,-9.85E-05,-0.00401973,0.014854692,0.026780278,0.028043629,0.003430284,-0.011586405,-0.010643659,0.001700656,0.146716319
0.236344254,-0.488818944,0.309931136,0.079135055,0.033395531,0.03548225,0.06528706,0.058771416,-0.180797824,-0.056156298,-0.005258733,0.017984871,-0.043622418,-0.012473709,-0.014457368,-0.02735375,-0.009174687,-0.00420647,0.028559236,0.015117476,-0.014199904,-0.040470194,0.151140984,0.140793037
-0.162978967,-0.272152223,0.159614932,0.101376904,0.049300908,0.02701648,-0.006440101,-0.300530012,-0.173114515,0.036920521,0.002488555,0.007120308,-0.037985522,-0.008020248,-0.017345804,-0.029032508,-0.030599781,-0.041458097,-0.042222357,-0.009693962,-0.015294843,-0.002946786,0.355743557,-0.06201027
-0.029282732,0.339882235,-0.106911696,0.042749003,0.02621076,0.007087654,-0.009649037,-0.288815502,0.050991474,0.081918681,-0.025224169,-0.021218714,0.014774935,-0.006303325,-0.007825865,-0.00363124,-0.023344991,0.032113399,-0.055223024,-0.031357272,-0.030604446,0.049366067,0.319236745,-0.254534609
0.512653754,0.778790192,-0.039417947,0.024883656,0.018716379,0.005828969,0.030256129,-0.00298243,0.286358444,0.079131994,-0.055598885,-0.027729866,0.028212664,-0.009580701,-0.002078709,0.019602877,0.01417336,0.127356786,0.029048453,-0.013416754,-0.052305858,0.057978119,0.044799857,-0.202645616
0.79102904,0.592574242,0.228540013,0.052873134,0.029018938,0.011651687,0.020459938,0.104728901,0.270058819,0.042318317,-0.031194064,0.001705346,-0.008972029,-0.007936633,-0.001866345,0.028208422,0.055198972,0.073435339,0.086982233,0.017560313,-0.064679216,-0.000593931,-0.190195094,0.054337528
0.485389334,0.068571593,0.233209467,0.027409603,0.008204998,-0.002357463,-0.039853869,-0.040818139,0.040033674,-0.004658579,0.033161046,0.032262012,-0.027893966,-0.001835426,0.001284515,0.03123782,0.055173595,-0.064615138,0.025481342,0.014472963,-0.055883928,-0.085325322,-0.196894572,0.233494392
0.020953994,-0.145411749,-0.028657277,-0.050166734,-0.043153181,-0.029053617,-0.061124527,-0.096046882,-0.130184293,-0.033967403,0.053269605,0.024155423,-0.009351725,-0.00413567,0.00169118,0.021554335,-0.004183799,-0.065040244,-0.070448945,-0.015658286,-0.019331468,-0.100661117,-0.070783418,0.161960639
-0.095976969,0.024356863,-0.136229074,-0.070188449,-0.064349373,-0.040344307,-0.016415887,0.037195402,-0.104586208,-0.03005321,-0.004072204,-0.01468297,-0.008146304,-0.016506824,-0.010083412,-0.010308794,-0.074776497,0.072818951,-0.068946777,-0.025392634,0.030927222,-0.00376026,-0.035254059,-0.023520209
0.078149517,0.047153441,0.012260844,-0.01540341,-0.035729205,-0.03394202,0.014215749,0.041967768,-0.003263298,0.00791329,-0.065107886,-0.039770843,-0.040824853,-0.023067571,-0.020889048,-0.031468772,-0.083064513,0.113547432,0.015485498,-0.002882311,0.054544981,0.100831534,-0.156328113,-0.093767676
0.223452987,-0.272031082,0.063158382,0.003247036,-0.011518026,-0.032586903,-0.025337308,-0.192116817,0.035916933,0.062039645,-0.052504093,-0.027660181,-0.052271568,-0.012280478,-0.00951755,-0.000427583,-0.02502348,-0.016861036,0.061797705,0.012728212,0.025829961,0.063063786,-0.25345645,-0.024584837
0.301739948,-0.437759782,-0.14529508,-0.059133798,-0.028728098,-0.043804072,-0.083922455,-0.279379276,0.015714569,0.084490584,0.008575665,-0.000892444,-0.018993161,0.007181807,0.016132736,0.053541276,0.021122269,-0.104068762,0.022988994,-0.00519581,-0.023251843,-0.102611586,-0.135717014,0.029910072
0.391520054,-0.091217375,-0.323978574,-0.110099706,-0.053206307,-0.051700279,-0.090898811,0.055799931,-0.031778705,0.031374984,0.040126763,0.007648726,0.005945831,0.017043015,0.024403672,0.054801359,0.000693977,-0.017324545,-0.037029681,-0.032619058,-0.033135576,-0.20985588,0.100293639,-0.019085368
0.310507362,0.373521957,-0.25364591,-0.088445095,-0.046505916,-0.04628205,-0.050939279,0.481963603,-0.120007726,-0.064426778,0.025043586,-0.00343299,-0.012951621,0.010075327,0.003519327,-0.003129905,-0.043407751,0.059058969,-0.060308055,-0.033822209,0.008593362,-0.140501824,0.150769393,-0.101297207
-0.072313332,0.418510719,-0.106579081,-0.054675465,-0.023868722,-0.032152135,-0.002373255,0.52909673,-0.19308575,-0.102081428,0.008533518,-0.010065858,-0.034305925,-0.00287235,-0.022953367,-0.039400233,-0.041116703,-0.056561913,-0.050197367,-0.008760506,0.052540083,0.007364592,-0.064054117,-0.108990941
-0.372861032,0.140215565,-0.066546387,-0.053961739,-0.01040783,-0.009576205,0.050535249,0.271553701,-0.11926661,-0.041117185,0.011964714,-0.000342619,-0.017032236,-0.006307456,-0.028284761,-0.008689597,0.000983357,-0.209560307,-0.020349371,0.015044687,0.052574938,0.070932763,-0.23464094,-0.018323764
-0.132758025,-0.023492044,-0.03509799,-0.034500616,0.003392968,0.022219636,0.101420416,0.145755175,0.078115771,0.024051143,0.012113315,0.010981314,0.011333763,0.000314052,-0.013296268,0.029726833,0.02101984,-0.137028428,0.020780394,0.017942038,0.017058365,0.030692591,-0.085371127,0.100215844
0.38798613,-0.00028757,0.065896905,0.021240375,0.022955165,0.042029636,0.097312903,0.26266767,0.154124334,-0.014921433,-0.001198958,0.007424066,0.009092635,0.002084864,0.000598759,0.009243861,0.000237683,0.099287846,0.036870292,0.00187026,-0.014464846,-0.01544478,0.199536416,0.134475913
0.481203031,0.017856255,0.070197011,0.026971936,0.019865885,0.023197622,0.011448995,0.316416059,-0.019496227,-0.114856553,-0.007602521,-0.004644408,-0.012999108,-0.00854771,-0.001294604,-0.039399295,-0.022289674,0.183868105,0.000136684,-0.016885168,-0.020392495,-0.013250654,0.219628159,0.024136472
0.039139012,0.084830518,-0.097920364,-0.047594891,-0.013920478,-0.01813335,-0.076792593,0.119325148,-0.200442085,-0.122957666,-0.001332834,-0.008053435,-0.023612606,-0.018350146,-0.012435086,-0.040723686,-0.022143071,0.021718956,-0.041158144,-0.019910082,-0.007743141,0.012095634,-0.057248928,-0.144941893
-0.310048368,0.324778706,-0.195020849,-0.083698324,-0.031444849,-0.030010044,-0.064913491,-0.149367262,-0.096607468,0.01034125,-0.003957235,-0.003471172,-0.0229266,-0.013484516,-0.01584963,0.008043595,-0.015406136,-0.12987097,-0.018150947,-0.004034406,0.008567429,0.038169077,-0.246999929,-0.190010708
-0.193245149,0.455525121,-0.051643359,-0.00273394,-0.00217918,0.001711276,0.023071997,-0.257389355,0.167200672,0.14369525,-0.022787845,-0.008687342,-0.02364551,-0.003378353,-0.007163851,0.037414495,-0.013101354,-0.068327608,0.039323352,0.010761452,0.018662899,0.062470803,-0.110283052,-0.046949186
0.049837924,0.134132251,0.098995979,0.075986279,0.026084304,0.025064111,0.059829543,-0.183922002,0.203093581,0.115890775,-0.037644424,-0.028484475,-0.020058347,-0.007281369,-0.001141927,0.009011182,-0.007960856,0.057284588,0.037932339,0.005407046,0.01535095,0.053785181,0.120528647,0.115661248
0.090894268,-0.322097582,-0.000433351,0.01522497,-0.003542144,-0.004040072,-0.007234063,-0.027249717,-0.049608604,-0.044877704,-0.03722818,-0.042950085,-0.009273031,-0.022901956,-0.009366698,-0.038132421,-0.009673166,0.011827139,-0.021529485,-0.008788007,-0.006577093,-0.020954914,0.113861066,0.093639663
0.109495735,-0.255911623,-0.186800072,-0.106960794,-0.0619664,-0.054520579,-0.090175168,0.104599812,-0.224315668,-0.146738103,-0.031214498,-0.033875753,-0.006758312,-0.028806678,-0.019871994,-0.048587414,-0.033913504,-0.138993884,-0.037450085,-0.006421124,-0.04215501,-0.115229242,-0.069587677,-0.07814002
0.22453575,0.26508905,-0.160544966,-0.115680365,-0.074321436,-0.065393807,-0.09643513,0.084158749,-0.083710535,-0.065249652,-0.019660215,-0.008585882,-0.014155288,-0.016987264,-0.013651645,-0.016954904,-0.05018719,-0.131828767,0.018711891,0.009206678,-0.069862482,-0.127911186,-0.085873997,-0.164347065
0.089584271,0.440654012,0.010115607,-0.013746829,-0.029907031,-0.030153238,-0.043755405,-0.114766064,0.155392795,0.104079578,0.010119159,0.012874757,-0.008622953,-0.002298135,0.004860958,0.019765578,-0.008235576,0.07777111,0.048219731,0.009893481,-0.064147156,-0.035709996,0.162243922,-0.0420257
-0.425670732,-0.022578942,0.055469922,0.049281443,0.01612893,0.009095971,0.003867775,-0.269358127,0.205406822,0.157387081,0.045663129,0.021682909,0.013476708,0.003310835,0.013900588,0.031151227,0.066161663,0.239995649,-0.003218318,-0.008146242,-0.024411225,0.058176223,0.347060984,0.13972298
-0.705245251,-0.413787002,-0.003370275,0.033051246,0.033287938,0.029305444,0.032761162,-0.137558352,0.11441168,0.026628506,0.048195156,0.019534101,0.021548851,0.005376875,0.007640614,0.018139995,0.076434515,0.173278168,-0.044717665,-0.014486422,0.016821442,0.047670692,0.152991345,0.155165864
-0.205916226,-0.146904001,0.049189185,0.030593469,0.036137002,0.03600036,0.046985543,0.141822328,0.071274061,-0.136506786,0.007318524,0.006555787,0.000923672,0.008711229,-8.45E-05,-0.001400163,-0.00595741,-0.004438488,0.004424031,0.004181436,0.031333503,-0.037997574,-0.26590101,-0.02064906
0.577905487,0.30330773,0.154734311,0.054085459,0.023964468,0.021137912,0.012108033,0.175139821,0.06532868,-0.143112856,-0.036790901,-0.014378346,-0.02124121,0.00409499,-0.004323821,-0.016174149,-0.079472926,-0.086813824,0.068175377,0.018810059,0.031098182,-0.069347583,-0.442797334,-0.187451098
0.714699742,0.198399727,0.063718417,0.009366243,-0.021046128,-0.026024492,-0.077693252,-0.093812976,0.010441078,0.003112283,-0.046161142,-0.029992036,-0.021135576,-0.013876723,-0.013837023,-0.024871941,-0.048370332,-0.054019115,0.034787465,0.004530358,0.04087888,0.011750434,-0.181420374,-0.145095954
0.193908993,-0.25840095,-0.15470054,-0.089022114,-0.068892684,-0.067710625,-0.127269254,-0.250139294,-0.002363916,0.114931768,-0.030875979,-0.029567113,-0.011248374,-0.030057665,-0.024345881,-0.024288458,0.038321221,-0.019282267,-0.056936542,-0.019569168,0.047195265,0.106225014,0.19955061,0.087624464
-0.102110794,-0.285634924,-0.150948832,-0.08772268,-0.054669766,-0.044840358,-0.045693231,-0.02445605,0.120665754,0.059193192,-0.020856629,-0.02040024,-0.008761087,-0.026419058,-0.017582708,-0.010778233,0.060669107,-0.024249955,-0.081005859,-0.023641365,0.018137494,0.083553101,0.269239733,0.27823729
0.241831497,0.188164033,0.110749171,0.046720751,0.018215012,0.028186193,0.09456439,0.274437771,0.21182211,-0.081923328,-0.018874446,-0.016154915,-0.008298486,-0.008981329,0.00393805,0.003298819,0.001964398,-0.023181296,-0.025664779,-0.013503773,-0.029666352,-0.037154512,-0.01454142,0.221022955
0.646187908,0.430680436,0.240972646,0.127529048,0.058570591,0.060099704,0.119717727,0.203435314,0.073060321,-0.130754707,-0.008378443,-0.014863675,-0.004192721,-0.00032889,0.012225793,-0.003892545,-0.040239265,0.003263041,0.003505503,-0.013437782,-0.041527994,-0.107182093,-0.322114485,-0.015582204
0.562953514,0.085970478,0.030850595,0.018324065,0.009750432,0.00560811,-0.009633661,-0.175918897,-0.153226595,-0.04776882,0.010085657,-0.003828648,-0.004195139,-0.007294685,-0.002206193,-0.027890891,-0.007164409,0.037722987,-0.031237244,-0.022653441,-0.012948864,-0.055734381,-0.360965395,-0.140422382
0.274331344,-0.328029272,-0.232584061,-0.149688463,-0.067832391,-0.065711985,-0.135525678,-0.419729047,-0.180579445,0.032272936,0.016797366,0.015312087,-0.00639135,-0.013145854,-0.012973051,-0.033558754,0.045787336,0.076243022,-0.045045162,-0.021493652,-0.002671904,0.018451661,-0.128102414,0.006334372
0.242968269,-0.306473281,-0.237058465,-0.168352854,-0.083756407,-0.068004825,-0.118727803,-0.32976431,-0.049525614,-0.003546634,-0.00017047,0.021458325,0.001617359,-0.006067511,-0.003589185,-0.009044826,0.046800749,0.095697167,0.011996376,-0.008766235,-0.032694069,0.013525044,0.167541433,0.228487581
0.280994982,-0.087401667,-0.081103868,-0.046878595,-0.039096573,-0.018192114,-0.018202534,-0.13439678,-0.037032466,-0.093756815,-0.031394718,-0.000582968,0.010515216,0.001415285,0.001696232,0.004625058,0.00808133,0.038089506,0.05963428,-0.001520726,-0.045611115,-0.020267205,0.284584759,0.22445041
-0.022911789,-0.133167376,-0.017719673,0.034189206,-0.005213604,0.002632773,0.018585051,-0.076636937,-0.151138989,-0.094226214,-0.052432555,-0.036100272,-0.003208527,-0.005955119,-0.01890863,-0.024579844,-0.012854894,-0.081011864,0.015511489,-0.003364558,-0.004098702,0.007966466,0.111158583,0.005632359
-0.453980722,-0.380102108,-0.053744098,-0.006183727,-0.013772015,-0.024997571,-0.032043379,-0.119249174,-0.119812116,0.022439971,-0.039106949,-0.049222398,-0.028763768,-0.017847979,-0.039897159,-0.055765553,-0.003755277,-0.132127599,-0.064176248,-0.001348902,0.037695647,0.054422079,-0.198383108,-0.123149979
-0.455756872,-0.461676679,-0.054208502,-0.073276593,-0.029029612,-0.041549452,-0.066441329,-0.116177722,0.097678645,0.128761388,0.006743191,-0.021119569,-0.026638928,-0.01203841,-0.025249933,-0.028883647,0.002146747,-0.046943938,-0.062733783,0.006418013,0.022580518,0.023936037,-0.304014107,-0.010922424
-0.075588065,-0.349966959,-0.024350099,-0.068697241,-0.019336468,-0.011233563,-0.026337878,-0.049524552,0.204824402,0.106508899,0.044298228,0.021849399,0.005115378,0.008209405,0.010011529,0.03434054,-0.005113064,0.058396379,0.018645947,0.005496289,-0.014734865,-0.033859186,-0.05954468,0.134491972
0.100115486,-0.285915535,-0.041596816,-0.013360331,-0.001891075,0.02410488,0.028018077,0.010926559,0.077281572,-0.005796812,0.033738602,0.032265483,0.020726501,0.015170434,0.019605823,0.053758166,0.004498152,0.058992416,0.061389318,-0.00792259,-0.016696229,0.00492098,0.253217679,0.090373329
-0.058334102,-0.256865906,-0.067395565,0.015734749,-0.006905878,0.013387234,0.024874836,0.044688976,-0.017570469,-0.06419197,-0.005117192,0.001745365,0.000646776,-0.000464105,-0.001856189,0.01504943,0.04132103,0.015133247,0.011319597,-0.015701587,-0.009923861,0.095981077,0.264949312,-0.044927938
-0.036628779,-0.040327169,-0.038629506,-0.00964364,-0.03171187,-0.029010383,-0.019550935,0.073892247,0.107062151,0.002239569,-0.011729808,-0.02388127,-0.017082149,-0.013785648,-0.013998958,-0.009764777,0.058805893,0.035343737,-0.040487444,-0.004059384,-0.050784196,0.065318795,0.027756211,-0.054606006
0.345053173,0.283272786,-0.010592995,-0.049724715,-0.045466986,-0.048322991,-0.040322162,0.095220886,0.221590927,0.105368592,0.0238152,-0.009906835,-0.004908964,-0.006209238,-0.000308726,0.013017633,0.009008843,0.058134893,-0.006328877,0.011835741,-0.104804245,-0.085992929,-0.073317892,0.017804616
0.511471393,0.342927589,-0.029894882,-0.044844361,-0.025763491,-0.023000294,-0.012232089,0.094254047,0.074565214,0.107377061,0.036909833,0.012292899,0.007456595,0.003666323,0.006004266,0.019580828,-0.075719055,-0.024479099,0.054982521,0.00443474,-0.086006516,-0.140353391,0.10149394,-0.038699384
0.085190061,0.079485895,-0.006608955,0.020667792,0.016486181,0.017448289,0.036026543,0.085531745,-0.165932616,-0.007132416,-0.012175163,-0.004700786,-0.009784102,-0.006953566,-0.017573415,-0.036790695,-0.099357153,-0.120148844,0.033565635,-0.026943519,-0.002027865,-0.00795862,0.263409589,-0.200708016
-0.40163763,-0.098598968,0.112719729,0.089288971,0.046167521,0.037700987,0.068137292,0.087916133,-0.183284862,-0.111222967,-0.06592756,-0.040561155,-0.029805028,-0.022665728,-0.040665203,-0.090786783,-0.02267592,-0.063269667,-0.049139656,-0.048160572,0.044552958,0.107273132,0.162549294,-0.205071894
-0.33664855,0.051090639,0.189852798,0.088733435,0.041410613,0.033726132,0.06999258,0.085957454,-0.027425441,-0.098681793,-0.051486456,-0.033654784,-0.015333857,-0.013260894,-0.028423647,-0.061532172,0.067427753,0.070536537,-0.072989753,-0.031556132,0.009233381,0.024931696,-0.061105607,0.018503848
-0.040286541,0.193209458,0.09811557,0.027698067,0.01920117,0.022703386,0.046032761,0.049966782,-0.009080425,-0.017170444,0.005449538,0.013735901,0.014349491,0.013141406,0.001358826,0.013889067,0.05745926,0.059596999,-0.016480793,0.004340788,-0.034392893,-0.123271376,-0.154748464,0.19716671
-0.207308422,-0.063713083,-0.052699262,-0.014527844,0.009476556,0.013583393,0.009362796,-0.018701065,-0.172719399,0.01149381,0.021324185,0.029651337,0.013493392,0.018716619,0.008027385,0.036334577,-0.039340576,-0.074964047,0.012542636,0.016094812,-0.016705574,-0.112299822,-0.131494408,0.120019399
-0.697162119,-0.515436634,-0.086526665,-0.00715591,0.009095403,-0.000299842,-0.024655462,-0.082775582,-0.230121347,-0.033279195,-0.01298135,-0.011071499,-0.015087688,-0.003873573,-0.006666831,1.62E-05,-0.094507514,-0.087448666,-0.034336585,-0.004880317,0.024982032,0.018969223,-0.149529018,-0.050858401
-0.746801021,-0.621682601,-0.033597042,-0.006190354,-0.009114298,-0.021814025,-0.044386897,-0.105319321,-0.042938521,-0.060328098,-0.02483723,-0.040865428,-0.025929471,-0.01905435,-0.006493162,-0.01014286,-0.03873755,0.058393241,-0.062092593,-0.02080055,0.014777693,0.057334381,-0.186177109,-0.059170451
-0.24902848,-0.275095133,-0.030006265,-0.041479754,-0.039482889,-0.034630261,-0.043002177,-0.082045735,0.145561793,-0.025050264,0.01339834,-0.009878205,-0.003810102,-0.005449243,0.014438756,0.031081716,0.046950468,0.110015375,0.001198814,-0.00600836,-0.041178633,-0.027768239,-0.088183962,0.049573629
0.086731958,0.100932555,-0.052677323,-0.04852455,-0.036819786,-0.018298453,-0.017612917,-0.036187029,0.089920751,0.007810278,0.036858227,0.028763986,0.015546691,0.010661937,0.019821009,0.046828117,0.051670779,-0.029537403,0.073534521,0.012828612,-0.062481663,-0.061987134,0.126159492,0.048102452
-0.074190322,0.196990801,0.020330741,0.023127253,0.014065861,0.021095649,0.022890325,0.013372165,-0.083144879,-0.005691375,-0.00309822,0.005908251,0.00278639,-0.001238294,-0.008375846,-0.008413454,-0.018816423,-0.120884297,0.045935249,-0.000950687,-0.012377309,0.018967976,0.24409605,-0.080053425
-0.215058202,0.148029098,0.15024485,0.103950542,0.060858461,0.047469278,0.051383801,0.061852868,-0.080521743,-0.003257839,-0.056466945,-0.047697925,-0.023564735,-0.027196338,-0.036388842,-0.06477634,-0.075374797,-0.008956669,-0.049671479,-0.035884851,0.042007525,0.066598662,0.141599849,-0.134602203
0.052821552,0.13714564,0.163761187,0.090851113,0.048239196,0.031334359,0.040503614,0.090321486,0.111600394,0.062832993,-0.051265295,-0.050188131,-0.027984897,-0.030697754,-0.02633388,-0.039955819,-0.074531892,0.105267876,-0.097817403,-0.049378273,0.01532367,-0.018700044,-0.066230086,-0.045426891
0.33186942,0.070436152,0.02496563,-0.005144344,-0.008149683,-0.01528396,-0.004992574,0.062076387,0.21841258,0.108123346,-0.00166642,0.000418169,-0.007868221,-0.007330069,0.008229413,0.035748773,-0.041491026,0.031939549,-0.060929126,-0.027818236,-0.069721681,-0.115796026,-0.176153954,0.031939397
0.186189572,-0.138660494,-0.108862,-0.079200101,-0.047338542,-0.049988395,-0.044967478,-0.019037152,0.082998167,0.02660339,0.018913565,0.026940785,0.006851854,0.01083558,0.020738796,0.061181885,0.0001347,-0.072809924,0.005558801,0.003428616,-0.094682108,-0.073047378,-0.099856041,-0.002607281
-0.119469123,-0.279849401,-0.113455761,-0.072124027,-0.041628784,-0.044948535,-0.04448887,-0.079257886,-0.133022052,-0.132475483,-0.013464334,-0.00464814,-0.002893933,0.002069273,-0.0049813,0.002260123,0.039550246,-0.013094884,0.04783373,0.020290021,-0.007560414,0.056637866,0.081452524,-0.044409257
-0.150540745,-0.137705801,-0.028937379,-0.016676526,-0.01412726,-0.013329553,-0.01315395,-0.058384905,-0.201871418,-0.209457612,-0.046632316,-0.040617446,-0.019841058,-0.017553139,-0.034440556,-0.06859961,0.039051693,0.073401868,0.046032058,0.018658997,0.084220073,0.090409578,0.189877114,0.004014121
-0.040578723,0.130395906,0.046297658,0.033159429,0.006362691,0.009609736,0.007391162,0.000170814,-0.104055128,-0.136532452,-0.030626386,-0.028342224,-0.016266471,-0.020137225,-0.028850726,-0.068924042,-0.0295263,-0.026546312,-0.000314647,0.001180798,0.050975186,-0.029490909,0.101441738,0.060949252
-0.131883087,0.206389534,0.067180466,0.051038665,0.011849892,0.005277006,-0.004985264,0.008402751,0.034181919,-0.00133176,0.018399881,0.012176842,0.004260521,-0.004408722,0.00459051,-0.004233463,-0.108883029,-0.185392667,-0.053334759,-0.022725671,-0.067671958,-0.157349091,-0.103961895,0.024547572
-0.291470815,0.069657146,0.034435732,0.030963686,0.005009783,-0.012533208,-0.026687955,-0.033731369,0.123049487,0.081978346,0.043703917,0.029159328,0.010388983,0.005039588,0.022221195,0.045236562,-0.101303786,-0.137534293,-0.052375728,-0.029990089,-0.107498426,-0.123693507,-0.182626568,-0.039234646
-0.178208432,-0.039074748,-0.024246235,-0.010230669,-0.006166332,-0.018703181,-0.021989196,-0.044504419,0.118986133,0.082658395,0.01785587,0.00881275,-0.008391294,-0.006242247,0.001289745,0.024291849,-0.004828447,0.053144105,-0.000556624,-0.008325182,-0.008877284,0.063809638,-0.003661766,-0.01365476
0.094566123,-0.01455742,-0.056175589,-0.033689357,-0.008045324,-0.00760152,0.007315927,0.003093108,-0.005923401,0.037576822,-0.026713279,-0.021343526,-0.021559066,-0.021908541,-0.028823687,-0.030474472,0.072065081,0.101214796,0.025415971,0.017681293,0.107756553,0.226922585,0.252987383,0.053822038
0.138567348,0.035828429,-0.037980253,-0.024857156,0.001318099,0.003095044,0.023674161,0.040138908,-0.172008368,-0.003410827,-0.038181897,-0.033345384,-0.004573206,-0.019558878,-0.026289376,-0.041555846,0.055191004,-0.019294166,-0.003430364,0.015146523,0.117384149,0.212344842,0.283769441,0.013625005
-0.049923147,0.05305082,-0.01470831,-0.017548017,0.003303862,-0.00183523,0.005273068,0.017279061,-0.200825598,-0.010991012,-0.009373329,-0.022223705,0.017186384,-0.005813144,0.003866867,0.001599928,-0.007169504,-0.073400942,-0.018121296,-0.008586916,0.038319252,0.053723838,0.037063922,-0.1359368
-0.134819923,0.085303112,-0.025766914,-0.034274857,-0.01258263,-0.01554417,-0.02467969,-0.021970681,-0.058264824,0.000198686,0.015718007,-0.002662759,0.003831085,-0.006746405,0.01704794,0.028695212,-0.031910265,0.001016033,0.025193702,-0.018099714,-0.034752618,-0.080193721,-0.210665093,-0.21294397
-0.027225372,0.105605171,-0.033606776,-0.040689107,-0.026247586,-0.02109897,-0.031137458,-0.021064736,0.053167194,-0.009433421,0.005542179,0.004310682,-0.034709063,-0.024525903,-0.00433017,-0.003009282,-0.010315139,0.024395749,0.065115142,-0.005572655,-0.054931551,-0.07969416,-0.1883608,-0.103358011
0.050295496,0.03002161,0.002864614,-0.007933415,-0.01732718,-0.014551128,-0.012990793,0.005008771,0.004328213,-0.036648786,-0.015367519,-0.010277096,-0.049961186,-0.029503303,-0.025716355,-0.040748979,0.012700012,-0.054274475,0.043146746,0.00066479,-0.033683074,0.00591762,0.041964996,0.067185967
0.017511573,-0.07969306,0.037619476,0.023792066,-0.000753907,-0.005963744,0.002342514,0.010587209,-0.036079178,-0.027866259,-0.009563618,-0.030177468,-0.025353387,-0.006035824,-0.016338905,-0.020543591,0.014850731,-0.066670312,-0.001262413,-0.015678615,-0.001653264,0.059496706,0.159989778,0.096835793
0.018890544,-0.072098847,0.009476919,0.007082712,-0.002515382,-0.002585215,-0.000246743,-0.006748936,0.093276914,0.026558772,0.013002627,-0.025558365,0.006707967,0.019163832,0.003874419,0.02857683,0.004984842,0.04162383,-0.014520437,-0.034793555,0.002606754,0.032775182,-0.027383766,-0.020759144
0.074054319,0.025090627,-0.043393448,-0.027015787,-0.015225084,-0.002043263,-0.009296733,-0.018465246,0.209751008,0.052800344,0.015853158,0.01364199,0.019305535,0.014591644,0.000868318,0.030414826,-0.007886817,0.097959505,-0.015408337,-0.032303818,-0.031934436,-0.028999868,-0.338289305,-0.097835489
0.028519245,0.026262498,-0.040095846,-0.018566824,-0.011961204,-0.000138372,-0.010354883,-0.015655656,0.06625218,0.003231736,-0.001996807,0.056757132,0.018589605,-0.010465463,-0.017887955,-0.019102778,-0.014922383,0.008897206,-0.02783619,-0.011332753,-0.050366264,-0.056020118,-0.408629259,-0.020631401
-0.126859913,-0.098099774,0.008694135,0.017692761,0.005990478,0.003884917,-0.004077,-0.008790692,-0.185392377,-0.05818709,-0.010946509,0.055487238,0.010416081,-0.023276214,-0.020199794,-0.052309064,-0.004552349,-0.082946457,-0.023353068,0.004120957,-0.00322725,-0.018596382,-0.125597634,0.099422914
-0.195479801,-0.157660328,0.025259663,0.019288268,0.011417187,0.008464739,0.001990251,-0.000667165,-0.189960623,-0.049495111,-0.007333825,-0.000829417,-0.013621363,-0.015962374,-0.003136387,-0.035841594,0.014614381,-0.044804979,0.000783112,-0.005246199,0.050359175,0.051978272,0.225126794,0.10060778
-0.069716276,-0.042171576,-0.001600669,-0.01404576,-0.002673373,0.0095342,0.004893378,0.011417669,0.035718589,0.007177871,-0.016038641,-0.060497281,-0.042045993,-0.008627902,0.007406924,-0.005355748,0.017714121,0.05806261,-0.00890855,-0.034058267,0.016253441,0.089176966,0.314175135,0.005508565
0.132971512,0.117203913,-0.010657873,-0.023024123,-0.01374837,0.002699638,0.004822747,0.021126888,0.132535165,0.031566714,-0.038334077,-0.063522572,-0.041398727,-0.01277527,0.000606212,0.003070156,0.006959723,0.106036448,-0.046732636,-0.049956202,-0.065149883,0.05646375,0.169163837,-0.026640706
0.237246287,0.150882642,0.014530876,0.004734669,-0.008343523,-0.008844625,0.001462791,0.017878522,-0.013417094,0.004605772,-0.044509981,-0.019511423,-0.009610856,-0.019019057,-0.01047821,-0.006921846,0.011745724,0.080305823,-0.023892647,-0.024419928,-0.060723953,-0.007273789,0.062895056,0.057379851
0.168226693,0.057235541,0.02146823,0.015983088,0.000449623,-0.01476367,-0.004741466,-0.001306041,-0.135407198,-0.030383422,-0.024181534,0.004512752,0.011213625,-0.018709443,-0.017167897,-0.021815453,0.02972943,0.012029527,0.060939524,0.02337141,0.032903152,-0.02398958,0.067146013,0.127259552
-0.00632009,-0.040695813,-0.012325713,-0.01183057,-0.000934068,-0.011721232,-0.012404579,-0.025808888,-0.085580938,-0.042656493,-0.003504984,-0.016788562,-0.00147089,-0.014738193,-0.021312253,-0.033668167,0.016847555,-0.072794237,0.064792697,0.036582621,0.068411055,0.04743099,-0.033930683,0.044487909
-0.0894721,-0.021495614,-0.043884596,-0.035019058,-0.008794298,-0.008484467,-0.020334593,-0.030950267,-0.050584465,-0.024553961,-0.00465748,-0.030527181,-0.017700863,-0.010582421,-0.018988427,-0.025449451,-0.040361625,-0.126495642,-0.080909018,-0.005605057,-0.0107098,0.1847813,-0.346765295,-0.172820328
0.067058879,0.155940483,-0.046376299,-0.025863333,-0.016835528,-0.01057386,-0.026640725,0.000669194,-0.152466297,0.030997976,-0.020389981,0.003150452,-0.012186526,-0.005640436,-0.005567195,0.011984603,-0.040361625,-0.126495642,-0.080909018,-0.005605057,-0.0107098,0.1847813,-0.346765295,-0.172820328
